T,X1,X2,X3,Y
1,25.485604146315193,16.494522042231814,19.06573421194189,60
0,17.307113157869715,16.44691807201525,16.952811685075993,51
1,30.977983714283372,22.766982151611906,22.776931317869114,84
1,16.486781074032947,24.139313035678658,11.530878358530334,54
0,19.69700220821443,17.685491250693566,26.197298127578424,72
0,21.086141083450592,21.191904544186656,25.07649832878912,69
0,12.374828549478249,20.061790959364163,21.55690046384612,61
1,22.289459869295097,17.268411600829904,16.346845967329514,51
0,20.105216105348504,10.653659108483101,24.659684119994957,52
0,20.78185760908213,16.548850776916577,23.542057980113885,68
1,25.188270948108862,22.801606082969784,24.61817808459699,71
1,20.228329501208762,22.619400154722772,29.73938102411611,80
0,25.536680743740927,19.136313175331793,14.658141943192462,53
1,13.311054745153438,8.693567030587397,21.575055089486195,47
1,18.731666390850908,26.04298113333487,22.14871581018335,64
1,26.274399200973818,21.322345933751183,15.005773867724963,61
1,19.597274159342135,15.307620677030087,23.89842006437671,64
0,13.895788722930977,16.445615472261665,25.151864408984093,50
1,14.220369574648707,17.149174206466956,24.448761812082942,44
1,16.213300742208524,22.4448296317569,19.181124477562253,58
1,13.4380429667797,12.110733047589592,26.360568551120824,58
0,22.47674253709289,21.48513960249102,20.049161986009057,65
0,5.924693461153584,20.888777856894837,24.617165402239788,50
1,15.893108488717276,22.53052865190594,22.55864639569986,62
0,13.04674709901372,23.804798601072974,18.228150856091986,50
0,13.133786635195715,11.11096626882306,18.733562958994415,37
1,17.152241533501048,31.989069714613777,19.489343877468606,56
1,13.825333112644875,17.609653274195924,19.671575503675687,58
1,22.38798825118719,14.839675349844342,31.553559212374612,63
1,16.052604300433973,26.11156194816548,19.971793815375662,67
1,17.238823617110604,19.957057675214106,17.842980366203346,64
1,24.188184602179,18.992612922519566,22.635543219740107,74
1,21.363589084330428,24.033866810521072,24.126961922296026,61
0,20.631277377954767,28.588475536856222,15.363567306745843,70
0,19.870707891509415,18.70036387915408,13.49870339147489,52
0,14.378288898245748,11.271888700114093,12.695644530302392,32
0,21.507863944696,24.631753753237575,15.990158403761582,65
1,30.592957178196492,11.099360475831126,13.851108222945285,59
0,18.685169313953104,15.10569295502932,22.874497315626993,59
1,14.983060281571309,21.382015696161233,14.381741165011626,42
1,12.411018874144368,10.822303662167577,25.040297039861553,49
1,10.390025481969307,21.00969295668793,11.701177001690015,53
0,18.283273755536054,10.896340644787145,18.963771902564268,44
1,17.29817834321449,24.95090125454707,29.031979256123684,71
0,25.225847525388946,17.680563084056566,23.362924057057192,61
1,19.600323814320934,19.430561252319738,13.062316918279038,51
0,23.30697482292918,16.193232277335593,20.75333283129449,62
1,23.116942056609652,20.295571136729848,17.96897544634513,62
0,25.993009154125843,19.204552177131234,14.24911362684019,68
0,18.45609593101159,18.100224290617625,23.125669365279094,59
0,24.85083994435822,11.707100594901384,17.646247482923854,55
0,22.255231067066834,21.441605706708263,20.528114894470367,67
1,14.68646639532007,9.86465524121128,25.32555211281079,57
0,14.874289816673954,16.08142087296646,22.313844315913954,54
0,22.098070119859912,17.773487945906766,18.478180312605105,58
1,18.423338602088485,7.850379424167905,11.614748190002114,35
1,8.946227941402995,23.370697588538803,11.014415854540541,57
0,21.283949175097572,18.967408818055848,15.859431270910495,49
1,21.302646776090715,13.057688592562045,21.831760477652136,60
0,20.99089957188247,24.694975749647785,19.200226155240657,65
1,27.62926020080248,18.62741948952051,7.506736722461056,52
1,18.00863873203478,14.769566550692453,20.005102340943072,53
1,12.31802395614018,16.820666132758035,18.956877664381555,45
1,23.170745323899897,27.869543802402582,17.632591877189782,77
0,20.774514029448966,24.08094410113402,17.16236113644804,68
0,23.00338388683958,29.129029032217442,21.53323433213449,66
0,23.236427428952744,11.116926014112186,18.734496585771645,49
0,20.74782202573539,10.776671770936092,22.889232321983037,55
0,17.243287159670764,21.752994556419157,17.41673387782526,60
1,19.672487938935458,24.569240340543402,15.585947411266151,64
0,19.209416351823045,20.523717041243007,21.03897980218374,66
0,17.7184241041944,20.3321190905947,23.69653574076798,67
0,20.784360564577568,24.5056739030808,20.96830650145977,59
1,19.40102616234527,19.464059600180814,26.284300877399588,61
0,20.243713552568412,13.366459089227027,23.610111168756283,60
0,14.54910708399229,20.65189195216435,11.758150144686425,45
1,18.5718217652205,18.864763775368644,25.686750985358877,62
1,14.267340621035018,17.071097093922113,21.14491584795076,57
1,14.707507561417101,27.0234988274429,12.773440590455703,53
0,26.883991709448225,18.27054380300731,20.101176202846414,60
1,14.915753703885432,21.305490093558905,25.641769381723634,60
1,22.427998851943617,13.153153971710346,14.706321025736115,40
1,11.579612985444637,23.093747864510235,24.82739300850004,62
0,19.482182481065642,17.976571249824612,24.217259488809816,72
0,25.214458563798182,10.670891575682784,17.169390205612725,51
0,23.92427867302157,25.854426977363733,19.34025387167659,63
0,16.292553825601953,22.200645106799282,21.068651546426587,54
0,23.96870624110798,15.287849908086878,25.57068418919154,59
1,18.13792127117544,18.497983576574704,22.39614178328884,56
1,15.163369551941994,14.378955684627655,14.653357853990403,42
0,13.961653797728605,23.79184218063642,16.03388784242238,51
0,9.960124036913445,13.011944572653302,32.99173545390846,53
0,22.347481030333853,24.747812829118693,25.587949120292713,73
1,23.87827110832569,23.86791624346187,24.02575831449832,69
0,28.3553324601276,19.561136269187855,26.50349954530163,75
0,18.24380010351875,29.588036536003422,21.176737481822673,61
1,18.361501507162117,16.52273260451756,23.424392153119513,56
0,17.205590532592556,24.05752840816632,14.298661251793103,61
0,21.561349880604283,16.83502547941155,22.039702403340673,58
1,20.783577937160935,21.085474346437618,27.467234945979033,76
1,12.474866261558518,21.463705383175014,10.013634690477932,43
1,22.385728242619205,19.089900291014008,24.515872249295725,64
0,22.855036828541625,18.42674716642359,15.814934831608706,57
0,21.27034728069264,20.293285053419055,15.459365384179371,53
1,18.793805916322885,15.22837236867474,20.421079665427726,49
1,10.41556703022898,23.974196247161437,20.34209520994857,60
1,20.505975423234496,23.545978751029494,20.46353479154636,66
0,19.465986193675796,26.440288483542755,24.921612152790843,75
0,17.670080551925345,22.453497874001624,16.949441363837934,59
1,20.338836316004272,21.565974786539794,19.637688776581783,63
0,18.87766615065526,22.152872266084962,17.751196921749823,51
1,20.358691528348412,13.279543465267336,27.199980950006562,65
1,19.41619218620742,16.856950305454276,23.36797521243609,69
0,17.65070672737459,15.759503102470571,11.664530107355327,44
0,14.45395752631595,8.536900052042453,26.987084364345435,56
0,13.807703039125895,17.9425152695238,18.300817403201,52
0,21.70693826962893,22.2387369324761,23.985854002162544,64
0,19.81516234429103,20.058083135603212,27.1985063141885,68
1,22.03479847083397,17.96347766284556,18.171269626911716,66
0,22.18267479401478,11.338356135965435,19.582942172014185,48
0,19.355478570448486,21.54803373782827,23.933862095738636,64
1,29.578262944591245,17.996714426855394,22.29785879334909,74
0,17.488617789419376,21.811822584842286,17.59377549018382,59
1,20.33846804324558,9.72538913838207,24.228998791166674,56
0,17.462350032772655,25.00319204482036,24.86226386910488,69
1,18.20478088357512,23.375559952900097,12.835388988875295,51
0,14.831019662462086,17.9915493232204,20.474230001876663,59
0,23.40022598994028,17.565806424637948,23.1968357488048,67
1,17.349987178681868,25.868737726119548,16.34144143147536,58
0,23.277984954808268,21.117699436189223,21.885845370648607,56
0,25.32064323016929,20.809556491320908,23.042342301258916,62
1,19.8936754064472,13.852189451099104,27.30567102839301,61
0,17.342900212060975,28.103349282794994,13.05906071966237,61
0,21.548811118582048,28.37168200130158,17.94346502691799,68
1,22.826931244618976,19.94627651404064,17.90108526165059,73
1,23.24723017742296,26.742983717688364,29.030048300660354,87
1,13.36205419957738,14.256850423276063,21.88977638068244,49
1,27.5250996377529,20.100077296773698,18.655524456711444,60
0,15.60594245256576,23.000307106227574,8.751225637811753,52
1,13.098921626094164,16.784394250586125,20.92085507203816,50
1,23.07659972500064,19.703532815799036,20.638196865168823,71
1,18.277256114613603,22.391575203621418,22.62107676021527,67
1,20.547166278912734,21.124048853601025,23.643125336964847,64
1,21.07638967509634,22.587066177931455,20.413058811789092,56
1,28.60193435151583,20.030059805986287,15.700792310175284,66
1,20.747111293639342,16.51750689700185,16.571804565267442,53
0,22.348459918573717,8.735127001381073,9.484430666961472,40
0,18.303389412337083,21.022909245668686,13.854220239172827,44
1,16.475445532631117,18.046839604523118,24.750605587652238,62
0,24.310129246185127,27.110561387643045,24.73997115446948,78
0,22.93924836127693,21.855199691943813,17.929979209196137,61
0,27.87671042455966,25.008043187269063,17.34640627409799,75
1,16.1455649039732,16.902221298554508,19.30964024111818,47
1,21.856404163174666,20.723943085551735,23.830811772651124,62
0,23.85734874947621,18.874376109345317,11.443810009453188,53
1,11.656836670325356,25.660927602214826,19.044075705571768,55
1,13.629157966042253,24.075578923743464,13.457003293890553,70
1,22.460838745073566,26.58541249963841,17.203748510896617,68
0,21.15911116235656,26.925159378268766,23.330304260201398,77
0,16.806537589807814,20.818738666984505,25.734894818986298,56
0,24.55466194208482,18.166438966219264,12.265533704734434,42
0,15.522623820448906,15.023971545250372,26.42066709899611,57
0,12.797138492618885,18.390286379638848,25.650638250550823,53
0,20.42491435922552,20.217013120368115,17.194567734812352,54
1,20.66084074731333,18.763331638353232,14.151556570677073,49
1,24.731493321219006,31.080322229098705,27.963788433292034,91
0,21.121137197679786,19.624296173821474,13.910807977878973,57
0,24.16757344087292,19.50145562384391,18.290694619904105,59
1,15.155053746189548,20.984675275978756,12.04206102147862,47
1,24.320852741506613,20.782874758219567,22.62178706785744,78
1,14.778084266925848,24.22072815101676,24.393003602566726,73
1,25.13919464411228,25.075429370101848,18.75591143027053,60
1,19.01586142661209,24.183669653357367,18.37680937942357,64
1,19.95916106208991,19.154060964840433,25.275409681241918,62
1,17.929402513398887,16.402544420627162,12.932879850998557,49
0,19.35593128958361,20.06832156588613,21.018067423691836,64
1,18.40460160518005,24.720206606900966,14.019205057841184,53
0,12.692931788439665,14.210300105608018,18.705136772016573,47
0,15.857946502524406,22.592166829990376,22.4116102125917,56
1,16.87349225721491,16.65356697188687,14.838471729560977,55
0,21.333930074918843,19.553919929275338,28.55133872363877,75
1,22.63007346471573,18.998198529049795,21.254176607372298,58
0,18.4595380411771,18.946655480050556,11.493283970692158,51
0,21.92018892749357,23.18835427709839,18.443609803750906,67
1,22.253458411309,27.269318205737182,14.392373416132212,65
1,18.452821873460106,17.96860411651891,20.16132623435689,60
0,7.828956625550024,20.618950173433166,31.891454627635483,64
0,20.174402288921623,24.913398058282493,13.292152278967912,56
0,27.27009171215875,16.31798854911237,9.994019905222725,49
0,17.298717892900726,21.85483756311441,22.302827423405,59
0,23.70076019418395,26.39844673545916,15.05673084565376,61
1,16.458550307084145,17.919690243711642,22.37345083173366,53
0,16.71135964949385,13.714918153510592,30.777745623903765,58
0,30.555492683841997,10.899903352288193,16.78077435443178,60
1,19.635165315779776,19.317803501835147,17.558615166705266,49
0,15.288034364515308,9.347861900623066,29.608281059121893,55
1,25.725043288777787,17.09787532534714,21.925400608246424,66
1,21.55438187716517,16.43465964593388,9.428785200652147,41
0,21.960669006801396,22.67118253611642,30.628511068838318,81
0,10.527030561771138,21.468525605174456,15.741653778588429,54
1,18.292441802005776,11.972880962936177,13.949661044200905,49
1,20.348868571946507,13.48054751100748,17.19996309987282,55
0,19.198214659984668,22.591048250863025,15.131075437437975,60
1,14.928304119322839,23.166213774255425,23.235918294544195,55
0,18.340861257099284,25.76312639555064,27.268480518395855,76
0,27.203487009392777,21.861166922657617,20.9175991995827,77
1,18.048910680349664,23.061230975808748,24.230037856173375,63
1,23.2122531221701,28.551375340634372,26.819039418870577,80
1,27.56626113047478,13.52545715739237,21.20796208057028,53
1,19.288332058803014,23.379675163066658,11.285709056406356,56
0,19.302900193126668,19.680832960911744,21.77592992207381,64
1,25.877537714131833,17.641072976507296,23.69135924840471,79
1,25.91894507140758,17.902535528493157,17.457186456085488,67
0,23.417036302861973,26.35328323096374,6.448349065182946,55
1,13.924432004158156,12.118051915456583,21.904651232528906,43
0,22.657806198932434,23.352818369553408,22.29651452333528,71
0,21.227144916200743,25.04024292910006,22.672352295213514,75
0,21.25993902044918,29.01506909364316,21.067570974158006,60
0,28.722299955771945,19.79802669778648,22.746873728790057,73
0,15.209499158958351,16.892644334362593,20.88811067819764,51
0,29.123344778861323,12.360399382285948,21.428149385278733,60
1,11.600273087078296,20.998313686250235,25.812924474716574,56
0,14.427955388032096,14.965413225516329,17.817495076283507,39
0,20.295755134428166,20.31162999844646,15.695895240165912,68
1,18.421493624166995,19.048749760077104,28.624426479967106,61
0,22.352160625796955,22.124680725265605,25.909312929320137,82
0,23.881962022905242,19.1404571628163,26.325974329828362,75
1,14.676881980041145,19.279371814275503,15.446793208549638,51
0,19.086955310109108,26.137445613571856,20.642694000957764,63
1,21.057239295598166,20.3939875963068,14.96665992708644,58
0,13.336373707406501,26.210163274743255,18.097172734217587,64
1,18.962150374870685,15.940662330983642,23.511614215185563,65
1,19.96085392212569,22.231651245797693,9.803401045506464,54
1,21.82633120653427,21.78404861233774,29.26785782038614,70
1,17.999860085660753,17.812107679446317,19.703519676076805,53
0,25.662627435661516,14.295491404486972,10.164546969090122,48
0,19.506918536897732,15.273573655455067,17.75851352375886,50
0,18.944889033772377,21.651615497904046,23.968301720911978,75
1,12.098811374757783,24.806750620694196,16.61068052143863,61
1,15.351678880388262,21.22629937804679,26.41711570456217,70
0,17.01048195413103,26.67494166039157,15.153009236630204,63
0,12.835146683337946,21.141086142298718,16.401747707042148,52
1,17.66520715868606,19.42508387300612,18.74033395837653,50
0,15.529276150669212,20.253267988381364,16.932929511630658,57
0,3.4116547384928744,24.051032353134264,16.769272747437405,52
1,24.476397917650353,25.937073165814233,15.228940656317066,64
1,25.99814698763994,11.07599018974827,20.1252845301572,55
0,21.908023008206026,21.79344460798862,21.0894007288207,69
1,20.450864319725163,20.649853214504024,22.55162482446572,69
0,19.812756902064994,24.64633228520176,27.484452217894436,67
1,8.33412984675477,21.742561923821583,12.92163435098673,48
0,19.66525207912971,16.90848651524876,15.217440822490552,55
1,12.734454486276235,11.83627811374728,17.877809014036135,49
1,15.142604639569367,13.304789119724466,16.43123080528284,43
1,13.012058586383368,9.10025014656382,20.524994899872166,42
0,20.429460434738342,30.42592702528035,22.15446686571378,69
0,33.25344940447151,20.210447919890022,17.21967333669742,71
1,17.575401176802053,18.644710404763742,16.45061873703391,54
1,26.85049613082905,19.148038505226232,22.475174059398558,72
1,22.27350582509189,20.38836280326906,25.15408603417224,69
0,27.892766383178227,20.393459528481024,20.52429897640508,67
0,25.980900352559793,15.119896121485063,17.351790286454392,59
0,10.80412710641567,22.282719146990114,31.032472618473598,60
1,25.54690658390048,17.37433257601798,17.531464708809626,64
1,22.74088756584599,22.367606765655996,17.268025131894696,57
0,14.241397520949796,19.970946006458778,10.649100651309968,45
0,22.04857698163108,23.61612786714472,14.04058584598534,66
1,12.86006244721475,21.36573720819129,28.624000468757067,63
1,20.979466609634287,11.928517921710288,15.737966687953747,50
1,25.791012616579636,17.533705114390376,14.376350176718173,58
1,21.196764656552553,23.954803310482934,26.944106705955996,66
1,13.964313485094351,20.474790605362823,11.863326447166084,52
1,18.512349012346224,22.63955057925048,18.421739303418295,57
0,21.74072722681864,18.03736509823382,17.999640796587677,60
0,24.09143415556805,23.98037265501804,18.289077940532536,80
0,21.00250348203099,16.533636400053986,26.6766479643956,66
1,18.172302160943506,25.261803987413195,28.793146074291723,83
0,17.22917989715752,19.76935075521263,29.6724497141296,76
1,22.408524196680407,15.828630526996001,21.38086694583398,52
0,28.172513372390608,22.754505083075806,22.636133530277117,65
1,23.510306757979556,21.02646255144316,24.815764775822853,64
0,16.783667234243104,16.693886546428296,15.39526394830003,48
1,26.205561801390196,9.551754347220328,25.95677520423994,58
1,19.51293340831129,22.96402452516818,12.185720231280616,47
0,27.472688050653286,23.3231458883854,27.111823382707474,77
0,19.626901685427747,20.751493543175282,23.180763120618927,62
1,25.467633144378695,13.80525406189685,13.688645311709939,60
0,18.4475525567038,17.32814495713992,22.619619431958004,57
0,19.275127415482196,23.489068632673963,25.382782425443533,79
0,27.20737938032198,15.289615139641668,14.198456284212808,54
0,13.63167451898554,15.748305641303071,24.646350471153628,55
1,21.20103713355054,16.627508958930722,6.324344683207855,51
0,17.142548970148923,25.47803775002098,13.778311893416978,62
1,21.45211128203236,15.767384708060142,20.48897017137583,57
1,20.609712301623297,12.885356817744032,11.692312392490127,47
1,31.587785374475384,20.76987248215936,16.703052473134093,74
1,21.76306478626514,25.924026650157646,11.82239444229623,60
1,13.934498699782827,13.733162223669467,15.936594862957307,43
0,17.973313128102895,22.74630568739874,24.10841325290869,70
0,23.583941881354257,23.473845538342466,21.303621561886942,75
1,18.455527970285022,16.9987492557493,17.955094710264422,49
0,23.58789128589961,19.30337371731638,20.81979082295887,67
1,26.866867492576013,20.160661107893173,14.085820038376909,66
1,24.87460025738172,19.649224293109533,26.00329600798439,73
1,14.470348486712759,15.160558666638718,18.402694654241646,54
0,17.14405060347988,26.75334113215429,21.7938975638286,63
0,20.434366342744003,11.14560297753567,21.52034900014224,58
0,11.101015854643883,16.512014673443453,29.008799610914423,53
1,23.57818169679919,18.547203736939156,21.10992825338994,64
1,18.68526043771388,26.610834294656133,33.125529841863326,78
0,19.129415983432807,14.913710060467753,12.59021337600743,50
1,21.769454390266922,25.5148824576596,16.190403154142007,56
1,17.063685870937846,17.675348522294218,16.758056654932542,48
0,27.559769249520212,15.834229491275783,12.960199104055686,59
1,23.77455690321536,12.317466950136275,18.15227617538687,56
1,13.435219469164412,24.8254986546556,29.97145864753815,64
1,20.27388700967859,13.989111239889674,16.762205854888247,47
0,17.325965020998403,19.976078808642562,17.077870605372066,56
0,24.03195496902067,19.60752766111009,20.29103308020356,63
0,23.74774072298763,23.145568559520594,12.725098163273058,67
1,26.896690649315968,15.398000378115523,16.4698676824888,57
0,17.642026932361848,23.57623308662054,29.027808772611415,72
0,18.62346492413335,20.792715932827527,24.360023211260696,64
1,21.194086212194673,21.574679836983904,16.566126157489748,72
0,21.752623463838898,13.891991724609586,23.942006227080604,63
0,16.766718600373927,26.065713560400564,14.782645837402367,55
1,23.57418871166093,21.896713435564024,26.553373988331195,73
1,19.63436080278229,20.999982205854106,11.217148910747794,57
0,7.688887105175075,22.694717009571598,25.17669783548537,59
0,7.943842141036479,8.15791863567511,15.078291742286517,32
1,15.020265188717426,22.247223700775596,21.681007351399277,62
0,27.639450874120037,31.734261597336157,24.055054673093075,82
0,24.56004818482164,12.804620870074935,17.44745397059627,55
1,21.67665978821867,22.561474730383182,16.594557406379856,67
1,17.971867030965868,28.229603494890306,20.852175060953567,80
1,19.445588187385198,19.886007483149317,23.803562878710636,63
1,22.80080188308618,19.223057864538347,17.419629092675468,58
0,18.113409591178108,21.81571410437257,16.760757792044462,55
1,26.473645030156227,18.31208501441231,15.246010170437655,59
1,27.546864792729593,28.007884267142998,21.802920584172046,77
1,25.51665628916686,23.410914270809855,26.765358386149327,72
1,17.039906393216,17.790920047157982,13.295435911277607,49
1,19.330997887766546,23.902562042447972,23.970140993331878,67
1,19.70114560146781,14.191144994862084,17.201636558566538,46
0,21.465311879916012,18.22991260915731,19.22483399277323,54
1,12.945842865037186,14.365792499371235,18.657683062823132,52
0,26.271288705143636,22.590454593518494,22.93461434439456,77
0,15.548617105015092,21.233905005865008,27.091192448700987,65
1,20.855067719776343,17.5681867546422,25.788046448328636,64
1,20.293776901120054,19.445557647767735,18.29274741818671,59
1,18.961701980982273,14.187773694329492,26.28877204446274,64
1,25.81792897645935,19.019624317958993,23.653742596781413,67
0,21.846080056483782,11.115141135804187,18.255977754181348,53
1,24.523869606289086,16.381279374029166,14.326890596683402,58
0,23.811561740459553,18.99385104633829,12.123433301559842,52
0,16.59221260503289,13.068496867179453,21.798541923262814,48
0,26.88911730278918,18.046592248037083,27.404272465008262,78
1,25.922773955370836,19.880964090656974,12.997694275050591,53
1,15.08968362683355,15.558580600556015,27.260864399478805,68
1,18.747695904256997,29.104691088718248,24.387879783523474,62
0,18.401645170041242,15.682686645014977,29.112638505851823,51
0,21.611962534088455,17.56772706781655,15.161432328391797,54
1,22.339559969755562,10.530341972564962,17.214565248007368,63
1,31.62024372721568,28.099367184719057,23.663666052250797,88
0,15.88023641850279,25.216539675095362,25.20238429258253,66
0,18.48940257772353,9.056367167205423,26.861192200987727,56
1,26.17966742515824,22.075730670481672,12.704993888560344,70
0,25.95347086387978,19.34246563252041,12.527906714656545,62
1,16.250519850985636,24.23298795417054,22.809776450913557,64
1,24.076110116433817,10.104215826974418,18.349372147305147,53
0,18.185592903234713,13.55533116875017,15.25449164073249,48
1,23.21614207049119,15.439352831980322,26.369866805800896,61
0,23.280320134057114,23.07138873157602,21.92482792245337,70
1,28.690430078719697,21.995838329311464,20.968073014470942,70
0,12.385771235582283,14.317284632094688,29.15142815571678,58
1,16.10798200005322,15.983863905423496,23.081059098985726,58
1,22.898165278861967,18.05318662352135,26.263429312465334,58
1,14.698322362652,20.987409074947553,20.75728981795403,64
0,17.255757198957976,28.739135862752402,18.085353160861057,69
1,24.70947290295337,20.44867949063113,16.08818574859182,74
0,15.778287622132117,20.703798760083192,25.285037888610198,67
0,17.091971665505053,21.605414526494485,26.017069725097215,67
1,19.980139401364113,19.452739158520284,14.991558941881088,55
1,12.597950291102077,28.51434170607662,17.358179692424706,54
1,30.826312445162024,23.3471035867931,17.6372943440518,70
0,14.380432544788942,18.31168916067683,24.8336941925545,61
0,10.272418200279414,20.047805039570783,16.68019061178651,40
0,19.384944723397776,19.624216523231084,20.762808825933483,60
1,17.6217743289872,27.7888517573387,16.297347032197997,63
0,23.960948763477635,9.103710847199851,19.911243503324492,47
0,25.246152357195037,24.206769090000893,21.682343576416265,72
0,12.504187089686646,22.191954515709586,28.085528542138945,67
0,14.619045162931277,17.716316390329872,20.534600755990976,52
0,14.898685755475643,14.931233671765028,23.021476989822492,49
0,31.09135497337243,18.709605809021646,19.643912933434304,77
1,19.469410339127545,15.910794601477264,18.577539382986135,43
0,27.849637531610618,23.159002774155827,14.103547130384921,61
1,20.39264407571377,15.971925327435454,20.274209939702285,58
0,20.19458508726561,38.04580353731704,19.895459196109382,78
0,12.841829543531748,18.904290112117007,19.536696837569647,57
0,19.880647260285055,15.81964379191503,19.789047427411944,56
1,25.171753512369634,16.720369824127353,16.187694036123823,57
1,20.66458932863101,17.258071457261085,11.674594768818677,50
1,22.100953693051075,22.48072466493985,21.29934198195617,62
1,21.752215031117814,23.602113001319953,25.769722665861025,70
1,32.240024019175564,21.55594731135948,25.560219922462668,82
0,16.08112334280496,16.573461470557707,17.91521041376302,60
1,23.82623653936449,19.25265443598904,21.008969925171407,71
1,23.529800220679185,23.0012802539239,24.888867005480442,72
1,23.61493416276236,28.398826490803007,25.74458559942078,77
1,28.79236462271391,15.804326800718197,16.98346108056738,62
0,17.234453295930884,24.06532813570557,15.335824079702157,66
0,16.969854618113096,20.262064467585176,22.05362863405032,67
1,20.952363072232313,16.03821520890446,30.356236854522265,72
1,23.20351040239801,16.660905707816543,19.866072677708473,65
1,13.713986139337486,29.696643944289853,18.776148815046092,62
0,19.70148699359234,22.58342507131321,20.611663459580917,64
1,17.535684902556177,16.319149605729038,16.331896417107796,55
1,27.327563450218484,18.619549539275287,24.6481657007769,81
0,27.96482145333993,20.537250873626437,15.136707612132566,61
0,20.24896182581359,19.39406614901562,17.71867596887971,53
0,25.104909640356034,14.861845192326225,15.760414182943302,52
0,10.31898356100133,14.711197959778506,17.180906166103124,40
0,17.858069200579124,23.0455440975558,16.316348700504783,64
1,13.145818544476217,17.76579559181699,14.648847272953404,49
1,18.961361934169805,14.721490110166584,15.378037488749731,48
1,24.374882137729195,24.465472549214155,28.14403761223065,72
0,17.115148410873758,13.217145998522607,18.264426016093143,51
1,20.021083622596155,20.25340901143794,17.360170096334272,57
1,29.845220971521194,18.202260468169843,25.07787561722308,79
1,22.559388307246408,21.856804104021315,26.028879600597904,73
1,33.965828808655715,21.621982566410864,31.09660932130294,92
1,19.611941520345884,11.43369526181409,20.55453790814308,56
1,10.773368168805119,24.36979028842582,15.493190507323755,48
1,22.49269533319779,19.53185975228926,23.540911219866235,72
1,18.838991860420123,19.539185698537086,18.399341669368656,62
1,12.861651524965904,31.834090915008638,22.762051641630805,71
0,15.598561368395513,17.432397636872533,24.012780826211245,63
0,11.119977930884708,19.535702154648035,19.24265142857744,51
1,30.2926367978694,21.660623338538958,22.014942341655832,71
0,12.103738315431075,20.716172466725837,16.892060443652905,42
0,29.570503646500242,16.119284657764833,16.487439391908858,65
0,18.25425937785623,22.714080386464804,22.693443357931532,61
1,20.53070860711194,20.248453436738746,11.412134627598268,45
1,21.655504107534263,11.165753666686635,13.07325225862927,53
1,25.059529202227367,24.54197852581536,17.145158523066375,66
0,11.415922087884795,16.99014952269783,22.37242209051316,60
1,20.84215984549139,24.751776377989593,14.478869669476966,59
0,9.751947365859024,21.03368442354836,10.801774828145183,44
1,22.048466627645794,25.610404347126718,30.400668584886883,82
1,16.929734191929512,9.819300448443013,15.557746672775163,46
1,18.526455005995423,17.521843675382872,14.447856472936806,49
0,26.208260947699817,15.023077244305881,20.664095294085033,61
1,10.897279369786238,17.595888866497734,22.961427155668957,57
1,19.682482156152123,26.8742402307586,32.013307781196644,80
0,22.402837314775276,17.830350771133396,17.765901306273868,61
0,21.024162942081116,31.66154362074076,22.711720589222807,67
1,29.916207931193746,14.817129049025494,22.42294522773593,63
1,22.635196653029073,20.945332518877777,20.365440382988176,66
0,14.586906964120676,23.78113273744045,19.041069880856885,63
0,17.875396417376564,15.772911613893424,10.913796832524106,55
0,19.117790386415596,20.82411644390004,18.214543846283362,53
0,25.033913971071495,25.465256876882485,14.167703448917006,61
1,24.143074153763607,27.003829666452944,17.559792175309536,69
1,21.657956173323914,27.426289601419025,6.955986607207265,59
0,22.33045319462942,25.898552431096462,21.82060606619476,71
0,21.72687876641557,12.952971747596369,26.413700977353155,64
1,22.04468100032262,25.17675619924269,24.738529922812198,80
0,21.707266509953612,18.01358705379526,23.882121172694614,63
1,29.802583254498877,16.470206772181378,12.587714180313911,61
1,25.24238130452245,16.119980030775622,25.069278318914893,66
1,24.680441314842497,17.362020886579437,22.931920168256045,59
1,23.516355354354612,17.464013980215377,13.90020614004862,54
0,23.98101306000275,9.159333655397957,21.62511496342147,57
1,12.866455787606034,23.245316257512258,26.643707659555552,66
1,22.564013988977408,26.304764914514585,21.832871579914936,77
1,15.797698001089168,25.71976372822755,21.59156922295283,65
1,29.138051037747047,23.38716025317847,17.511391431420282,75
0,21.163981732031775,22.73606534241568,20.284679426783192,61
0,21.495876975776138,20.073122913471927,15.37937941558533,52
0,28.105488613054316,27.41300586899389,25.893266798739532,84
0,15.818495287103108,22.117210274036797,18.772587666908823,54
0,13.128575311757778,23.41554762102602,19.426055752294296,64
1,22.11912278731507,16.462546644175486,12.55444632418816,54
1,22.512029037269205,17.844950054732745,9.785779056555878,59
1,23.057114057296072,14.3220537083259,17.001279212753268,57
1,18.605128235328117,19.818397625303767,20.064878040889564,61
0,21.684859337454206,22.87645349318912,18.194321734327854,67
1,17.33448285583041,16.914321883705306,13.292453750953431,40
1,12.99211328544062,28.5921030998948,29.508574606066404,68
0,23.61252200558943,21.93537219660284,23.10996864873453,58
0,20.584385447378693,14.271121136865347,21.331581289625852,60
0,13.28632954076378,25.192307333275956,26.65887257736809,62
1,12.66117821850383,16.30396713170885,22.342674768179318,56
0,14.304742213841136,21.462455155140972,26.998355128031896,66
0,21.846979699360094,19.868783636284252,26.410077261885558,71
1,15.366330651075454,14.165216025060012,16.768679053457134,47
0,21.46746914023884,19.314513120266742,17.95579115475863,53
1,13.121085404789266,20.307841920007473,16.55257615231125,57
0,18.71692016466578,18.33313879624555,18.687229067698635,56
0,22.059631452670466,27.01906430887763,22.271888808029345,77
0,15.679065979898983,20.561641819041384,14.006332098470715,49
0,16.52922194790103,29.985778889629344,20.600245633177206,61
0,13.295588482041936,16.04636335828363,27.72632269284725,64
1,25.199889788635787,17.556365666019996,16.21327460328083,55
1,17.54680239709363,19.591632948084918,26.879885986501158,71
0,20.15203877465784,22.063230366204362,13.921947727109005,47
0,11.10583420122125,21.931945670475997,24.911197448370913,62
0,16.98645097134884,27.717078421924047,17.71913736382536,53
0,20.26133249706482,25.67181230889995,25.57104707364449,71
1,23.532793269913416,13.066865221476688,20.548077475799264,52
1,20.38518805222671,17.142207186628223,19.10311390681149,57
0,11.14830346530961,24.6841729884887,22.04314147230851,57
1,19.749296822216525,17.7062531391012,14.953644766208532,51
1,19.919385566833437,19.968783386008038,18.319390336178852,62
0,21.961125432146893,19.238022548009855,20.645733930670957,56
0,22.508182680199774,18.67830239654686,9.079469362597425,39
1,15.363189509726531,18.484037516762466,21.425134684325318,59
1,19.64149807091264,21.533978133203288,19.715658333681716,62
0,23.15919413980887,20.874483653347735,15.558681576462229,56
0,23.852094852020823,14.040508326610446,21.61229685735614,62
1,15.360462494308761,29.11058550482925,28.734091228316103,77
1,16.206375154393232,23.977882100066957,16.163571055074964,64
0,21.226653540072533,30.018799532338342,14.121170373672616,67
1,18.164426680968447,15.680874508239684,10.29809034356732,44
1,18.562077739345153,27.561016532603904,18.65081462057192,69
1,24.233374617029064,14.256752179584064,34.735493532152276,71
1,20.747277473009287,18.553898605934197,21.622639888399807,56
1,22.914474096673775,19.344683096913162,16.806609374532833,59
0,23.06946536188857,14.206737553286137,20.099008139098427,59
0,14.640760259767358,28.109940894697953,14.46675320757667,49
1,23.691966814093792,26.760280296824966,22.000875522305243,77
0,19.767775676693073,17.28658626696586,21.841126809306555,57
1,11.952498150881055,18.40838828441737,20.537361075361257,51
0,21.185228103806658,20.379315277507807,10.049729163468339,57
0,21.18222134513599,25.433727001472175,14.434163065139613,62
1,21.796277437574524,15.604840756387937,17.47907410587262,59
0,17.417349067318465,21.518255243203274,24.18794505983154,65
0,24.925133851134184,17.169286299658992,26.504463850581914,72
1,16.103709762563494,21.426684407139305,22.989119588988363,68
0,18.020579227973876,14.442611356091156,8.078700847065726,35
0,25.415924255155566,18.46452394649732,16.764878285212585,66
0,22.46647226541696,20.3064332899503,18.95409968919331,59
0,21.161284995702665,17.709421465092834,19.750715059204552,59
0,28.6419429275465,16.424676731192704,19.72422983492271,62
1,18.83128700762191,20.545525828300452,17.217817210813955,62
1,10.764592007803678,15.145434606625347,19.36459461805522,34
0,21.08946973511,26.957256354082595,15.91444420413567,66
0,17.99616016397359,17.193057996036647,19.082915461873004,53
0,18.279926749295626,13.980092032254518,31.17424700883744,65
1,15.501890829506138,21.52989391635946,11.98706529143601,51
1,14.853502515015752,23.129882941512612,12.451506502756416,41
1,16.827229664656958,13.691430003435595,27.701741488943075,64
0,21.959322416578342,24.742471915558706,21.50276586697241,60
1,14.120949205420327,16.402532228381958,11.29407711255962,35
1,22.46557238780975,8.35530772296014,20.377822364995186,57
1,17.280221812146348,18.64217864924704,23.62360119134171,72
1,20.764284811834067,26.22529373180803,23.64874171793088,63
1,27.525315310517875,17.63849149507802,21.40244889249812,67
0,17.629748711907723,23.295407783307123,26.802328145478278,61
0,21.047755132888298,17.28056069803364,21.875594658841145,64
1,19.32260776162458,17.137881356590103,22.741123142875253,63
0,24.957168211788307,26.06386115356239,31.631672130124116,86
0,12.47004156420221,12.810260945854804,20.893679236017363,48
0,21.976247621367516,18.461071747393564,14.314413039596829,56
1,17.52960925931143,15.534795858422452,30.119206732334796,65
0,13.238367744469429,25.193534490324595,15.094763314102423,53
0,15.350908546669174,8.063195919923686,25.41956218328923,46
0,17.31722866697648,29.71451383019107,25.518321685069896,73
0,20.806301062848128,21.908591707830567,16.784005374497877,58
0,21.364892805079393,18.632652816884182,18.24325282963838,64
1,24.03253801629172,17.911158329559278,21.664205154473525,65
1,15.588177315939067,21.967255794774655,20.290354881600052,56
0,19.598597098185515,19.045325362013713,28.435077846790914,67
0,20.674100653095685,16.2429241046758,22.41770505163555,53
0,23.72231710953186,13.204321339483673,20.436419543744176,54
1,14.95521615893843,12.614661517849836,28.812490490726756,64
1,19.267049098274654,24.49353699111126,12.29339733033568,56
1,12.52890182451743,16.07894999505864,29.789078031070638,64
0,18.520510297040477,17.95620772038294,16.910164724090745,61
0,14.394632294765426,16.67109970474762,13.153255582437351,39
1,15.757977257855561,25.31118643700416,19.661972115453054,67
0,21.349266877718748,23.812043614377014,17.786852572538464,60
1,19.21466374376272,17.69349658469114,26.429653391535645,63
0,16.36267786184411,17.649770664902952,20.594775381158414,48
1,26.36362105934056,20.781666554887806,16.517908736735833,67
0,24.63053468334815,13.389162623216588,18.1932533817875,55
1,19.759712920781457,20.61964240164312,20.43750772379772,61
0,16.568629887618517,17.496585966014944,27.03980149116351,59
1,22.894792481025412,20.65766519259399,20.819622322783566,71
0,17.673533996665494,19.813454978070652,21.416950049258197,71
0,19.142913328646408,15.416731121494607,19.044238865157716,54
0,22.55794382230802,27.89903857064225,19.818874089322637,69
0,18.83236162066998,16.196417328050433,11.163108310558169,46
0,8.77221318395376,23.80937783084182,20.075661500995167,51
1,20.593712188571374,20.25225418064008,13.379948054168912,52
0,25.90884524842969,13.79892353682899,14.82614712970782,66
1,21.65304473352059,24.32774727103226,18.282921559555383,74
0,16.792154128598646,22.11715812805464,20.420341909035734,58
1,28.003109684299666,18.09130077092674,17.904754435773636,60
0,13.760434687596783,22.314866747895323,25.932863563446972,58
1,27.79830233955188,26.305345353235257,24.435988835442256,78
1,17.969618853700116,19.68552253786551,20.821778004143393,54
0,13.00374266511719,28.079231616554644,19.58286742943193,59
1,23.01682242049654,24.93694766511448,18.87345516411215,62
0,23.834796600744387,20.625599560494717,12.27034106345317,52
1,21.8090333989608,11.31884008082706,20.4817566008124,48
0,23.016404771673876,9.169353816978296,25.603011500053277,57
1,25.512761802083105,20.103496078492903,27.711693474219725,71
1,22.054692085389437,18.713849067279824,23.766052340203608,59
0,25.997671675527087,22.44596007072886,17.27349641150826,62
0,22.39344626851061,14.515232320089096,24.84042986912729,66
1,23.924994377708146,34.0976099942864,14.799287732471083,75
1,17.838583247531822,14.32195713470154,10.594395013714305,45
0,17.5862629136377,21.080116110363537,8.257185500153735,44
1,15.092872598693424,20.535253067239488,22.92265942064584,69
0,23.624148954528096,18.10685918449728,13.988740519076625,53
1,17.18506972617544,23.2566819048223,22.805337467441618,66
0,18.425913551241035,15.762180611590246,30.288412085626156,54
1,18.674311140546184,15.537146362723199,19.591143978947127,63
1,19.012571874632155,21.57599984946536,19.44133810841922,63
0,8.116211111204914,28.869962443319977,32.93667099715618,71
0,14.118504799774824,27.225163075752747,26.195708247505056,58
0,22.153254968252543,26.604084856646082,18.336500846426112,64
1,11.172033743148091,31.002914630221362,13.250876953138604,59
1,26.07056775534941,20.751311758273076,15.886381171003649,75
0,22.278850529896,11.220154260671375,11.439371198341414,42
0,17.33413463703438,26.01696385857333,21.41099925613133,71
0,19.397811255121578,26.131131405115095,13.004565999622862,58
1,19.404723777567565,23.690393992555045,14.39342719192142,56
0,23.496500337558338,23.300250195757837,18.306100310378667,70
0,21.595851214259245,21.489873808833885,20.8297427854846,54
0,25.692208414383582,23.87263464049395,26.623854246944404,81
0,27.88422746348844,16.87550179823006,16.246768419640294,57
1,25.758218519181646,20.311947197950936,25.967240427372214,74
1,18.9224030841771,19.594819988342877,18.551506804020978,61
1,22.556729738169267,25.724831807645465,8.024296461444312,52
1,20.1826550332516,25.526689043341914,14.124591625465897,60
0,23.02328624053393,26.454952118788874,28.218405010873113,83
1,7.493444972077302,19.45410698417398,23.640702504807372,56
0,12.021211787700901,16.976292957993365,11.268742174746354,37
0,32.281539117069315,22.690207498056452,11.767007230518479,61
1,22.382119904549217,14.776933240129193,13.087172790009607,52
0,27.707666897491222,17.568397625731848,18.756214841584523,67
1,25.541652519205634,19.7344196962252,26.466774668086522,80
1,16.935891512526084,20.707787654133305,18.13681635251696,53
0,17.136355381136845,19.70384051310219,16.30697013348971,52
0,21.373875563729797,16.777686416150317,13.57361396463246,59
1,20.35592685219933,28.21829961305226,26.76512079593474,80
0,14.525320068477681,19.70470112204707,14.088650704327462,54
0,11.455574577986713,28.074788482798464,13.578922241695352,47
1,22.84573121600879,12.867742135027875,17.66953654726359,67
0,24.69334046345171,28.546750495782867,14.321373468782934,73
0,12.268074967914592,13.6163108526567,12.562832659109223,34
0,19.866471092389396,19.685386522926375,27.312775314434763,77
0,31.032809330197672,24.11164776262875,26.839193038807636,81
0,16.796335284433,20.14203278276654,23.72274388164363,60
0,20.423679141654613,21.07998398549617,23.99204792660764,72
0,20.737905272242863,25.922686490245326,22.50372542221021,79
0,27.317616772481447,20.360344361806145,22.632525119206285,77
0,17.26982095870664,29.952778488130487,18.298508534424144,69
0,14.922895457483065,25.267631753695156,19.948678794152112,64
0,28.698835460876932,19.46400026333095,23.208944310564227,70
0,22.736628486386337,14.186601533904762,24.925812688564115,62
1,14.101304842673986,21.985372728244077,15.842598107937093,44
1,17.30013253956048,17.92895577871785,16.025746614607844,62
1,15.790129543916088,14.738133341768659,28.147934704940702,49
0,24.4611377807732,20.745448009023622,27.93346949534994,76
1,14.050885330033207,7.667538553689358,24.19993100595636,56
0,24.6669124040083,19.59726924901006,25.214872487969636,85
1,26.233003732588756,19.582526677192963,17.17279121515449,68
1,22.623952296525125,14.074436937404757,14.76136081820071,44
1,15.601872363603654,11.173183216867711,21.263014481794507,49
0,19.182476759398234,23.219875341212582,8.892294052560608,53
1,28.387913704697,14.562235830134238,17.349889174635752,60
1,17.082159039038032,23.136800975385604,24.454892644380678,63
1,21.44082148019265,25.324702407441528,21.66084724208417,62
0,27.840898471442735,14.045459490766298,18.601924263445255,52
0,17.539888563538643,12.309117377552361,17.32150343482077,44
0,24.482992653329685,17.211540486280633,25.441374811773358,68
1,31.790785750433013,15.983246383630183,21.980288644121348,73
1,25.200072926923553,17.08683334788637,8.177473859717086,46
0,20.539851486963837,24.693895389921785,24.710221674373216,60
1,20.95892831821007,30.12485498464445,23.127456246646965,69
1,16.026635346293876,25.725592686467003,18.935956373827555,52
1,23.267387836648684,19.750781610324065,13.301245196867356,56
1,19.674263856654743,17.449225847668938,6.393049092289312,45
1,11.67126428618349,20.24861763816946,18.796848295758863,53
1,21.80127616316904,13.270333885750425,21.113741210421562,60
0,15.022594771671246,19.374229514593317,22.875148917168644,52
1,22.112547793871936,6.46385033354186,25.60430001366158,52
1,31.11175946409583,16.278667049192613,17.726859110321666,62
0,15.701652053234444,19.54042244371173,21.551451320428882,49
1,21.35785192971569,16.550754898979925,14.338794215589422,56
0,22.152701392994622,26.19025988106202,21.918951536273898,74
0,17.981578300000674,30.51333520101658,21.422839099951485,73
0,25.356007937179175,22.058536863115048,25.779542095784038,76
1,24.521230162982313,25.148292676233645,23.411808264922847,69
0,19.07153183539901,26.098826151576198,19.211783438242627,67
0,17.85278382621101,19.452030687777594,11.083894203809129,45
0,15.135847073548732,10.620771703472546,20.116164280659927,50
0,27.15245324994889,26.985611941555394,21.487927731525318,76
0,19.647038379192487,16.572680655512457,17.25125283731725,51
1,24.01425461070528,21.38089916012305,18.48348742233363,56
0,18.491845493061067,16.555216898863666,20.700748312642467,58
0,17.21049396497437,23.92911636924999,25.616526246423216,59
0,13.84929041161965,29.768562849157465,22.412715004548346,70
1,18.175441214322746,24.461419855384477,17.696421186506317,63
1,25.395042448892923,22.43590807973824,15.128250827409701,63
1,18.67912164547707,25.98402183920579,12.526065395694811,60
1,23.56561689898702,14.476165754993247,18.52734293186758,49
1,29.95112588970811,22.25039255826725,15.050643453536104,56
1,24.80679703833735,12.605335661898186,18.847588598144092,68
0,19.235748777989336,18.146077467858543,20.001860421001695,49
0,32.4745070406625,31.284445811959337,20.545088068840435,87
1,17.687762392753953,10.784095207133802,13.54199595054849,39
0,15.633217412762239,17.85909669059123,18.613928245359958,56
1,16.01461523066987,29.146374925172733,16.92409796235827,63
1,24.26617438408957,20.487061591424318,14.11052406446257,64
0,16.346925195111996,21.64003731522397,14.13053079967725,63
0,21.91595608773711,14.76234251491723,19.557005072606227,53
0,30.5280441835876,24.232139657704185,16.839028361157514,70
0,22.294001961686,16.798178313134187,21.273503707408953,62
1,17.777229894761277,18.383365564006517,8.79064057581946,54
1,18.404312302884705,10.497003007900128,18.5709358694914,53
0,13.46320465140197,11.959622819695303,17.856834985562895,52
1,25.13649968234122,14.130969404586802,26.674163118489098,63
1,28.974741218352897,7.652528341716147,22.199612044943546,58
0,26.45682314100943,24.69076567702384,26.36721589184938,80
1,17.15728741729593,23.979871066830373,21.09462249657791,63
0,19.727625790731487,21.93370113410454,24.510010732152946,63
1,13.237002429319041,18.61015666469519,14.680280062259365,47
1,23.6615934194625,28.18408956264321,24.340497304877346,78
0,14.780388170313648,15.53157287521649,21.016696961247725,59
1,21.631506097190286,23.58270161782814,12.150966950980223,62
0,20.7441789620276,21.098570540611174,21.935405492757738,71
0,22.194676856882875,20.709081739482762,23.229653294278133,69
1,17.912228763126784,5.972421475256223,30.512060936060344,60
1,20.292406525445788,15.503787046389167,25.416924261431326,67
1,17.78248699721081,16.23547891379109,21.022757067769355,50
1,11.062602820754208,26.423946874837885,15.950108797323502,64
0,14.784517961260407,26.783032036967008,20.168300734506555,61
1,18.36397847124424,20.149938903654057,24.86356284924416,62
0,27.27037309427593,15.120521218735886,24.792550864696985,68
1,30.875431850498984,25.109486127930918,24.6115060181358,90
0,22.543119237486742,23.161435205373337,19.25615265376016,63
0,24.3767012889751,22.58549949183994,18.608392649866385,71
1,17.841903792589953,18.843818176609247,21.549961391810843,62
0,15.233600811294092,28.796056278332042,26.015961796541667,69
1,22.612819712909854,16.384293953742066,14.009289476027577,44
0,15.869641458915513,17.683895828160562,22.787597653015517,51
1,18.1775003610703,17.576566409899748,13.78864369581041,56
1,25.336590561858504,16.457715028703113,20.879194441541966,65
1,21.176807325041317,19.934721424657074,23.68837649934596,68
1,20.11711608633478,24.275289571216607,24.11934808592055,73
1,21.090145678753956,13.281396798098296,17.82141524195585,53
0,13.941402911817145,21.282930875078684,30.988421856531787,65
0,20.013344236097762,27.18572368650341,23.10627336898902,66
0,21.544460189954307,13.459819593179217,10.722073719331174,41
1,17.7723644371426,14.395223590686632,24.818316648868453,57
1,19.571906325177444,12.340674036873445,16.355273282508747,55
1,19.000728464197675,16.19075714203632,25.421141128018686,66
1,21.933555454450403,22.258591990291347,23.693122624302415,67
1,25.26231571110533,22.51015010662788,23.062957840369673,63
1,24.243345867997558,19.70224524066339,19.587949733628076,66
0,20.30479310282322,21.393045785823674,9.149984732209418,47
1,4.436775281971828,19.2458722430828,18.71345419313209,41
1,18.91493657562546,26.55668879790906,23.08352955556279,70
0,27.060785672871912,19.123878668617962,17.406599356104678,61
1,22.318098653020698,24.57959720429156,11.435645375342286,63
1,13.43559558892329,17.6888086652451,19.080301852249978,53
0,21.219360715031762,20.707722995971025,14.320549232010258,59
1,27.193338174660493,21.934152063699155,17.905769614457967,63
0,14.981976419617698,6.190220360015044,15.793607715172772,35
1,16.68023105864464,25.445028893321116,15.451773010303196,66
1,26.010295671403295,18.11767586247244,27.148712781351367,67
0,18.92710769655211,20.78288886501267,21.124690855853387,68
1,19.026056254258528,11.560066269494904,18.991291400269287,42
1,25.777561419984014,21.0285487315018,15.944151625246748,60
0,23.497573254523164,22.23858414565138,16.7488699818988,65
1,30.067608207199754,17.478480739912136,15.847247026381456,70
1,19.58700822733056,22.084823937224638,24.419710568719537,59
1,29.541873067992675,10.952192131412168,21.57658656332052,55
1,19.597370924162874,18.73274977234448,21.011704515379694,63
0,15.643102585575896,18.63894642560011,18.41028284430822,53
1,15.160881720213851,21.224564602410453,18.45211811121626,57
1,12.17582295415394,30.708677459781025,16.96095384623053,59
0,14.214872464471746,18.730067438061134,28.451577068705895,63
0,13.040332841231486,27.54303452095199,25.311454984338685,66
0,22.427016083099407,14.055397843898556,21.214079578499124,50
0,17.527525811088232,24.17584213233634,27.839974595483433,72
0,30.283709649631824,19.593025257477162,15.102753957450838,67
1,14.29614652578633,19.11245033950607,16.880113941509723,57
0,18.069027405783313,23.97605372248673,21.95099513797372,69
0,25.104440565254343,21.056708494093392,22.41287678203098,57
1,21.75903714526328,15.66509705419187,20.44318011765519,59
1,25.412205000958508,8.7856322100673,17.527678682652763,51
0,16.459532000245375,21.44763667204406,19.873267693995675,65
1,23.61608489777839,24.292026052773494,31.676849163054495,76
1,14.448596442424655,17.14399336538966,13.788325918909749,45
1,26.440230253533517,16.154584398421242,22.05823306612153,68
0,14.979997918252913,27.190805361200823,21.578170222092762,65
1,10.833587962859646,15.39819946768014,23.156339699593733,52
1,21.42149703880354,21.81998602125837,21.320966164985293,55
1,20.16115113368452,13.144652140377449,15.527824671803373,51
1,13.648427451720686,19.80693019332257,22.408442076150948,50
1,18.16616645512543,13.504738176609154,24.262550612638503,55
1,12.843169475205912,20.062219868076372,15.252860058576157,48
0,26.509776559420775,10.601213424168876,16.08616319839943,52
0,22.97180417011595,5.688091739504715,19.02115624211329,45
0,21.25758425494899,22.361645938538945,22.28548266716987,70
0,26.287996455932056,25.008430561972144,15.47867789057918,68
1,16.672479002302914,21.525000100270876,20.3781504563416,62
0,15.122278072477197,16.60953078950828,17.880939163466874,47
0,12.56937949840485,22.82932701277031,10.640312946798646,44
1,17.739194498797502,19.09452510950522,15.410603479078592,56
1,19.285472309784353,31.93043238671655,25.64625300249638,73
0,9.762630680416057,19.869383101049642,27.16094495086351,55
1,25.934265705498902,6.424293966324745,23.20479274534686,54
1,14.444165819961025,17.966113767686483,15.900607306811144,44
1,13.830914254461065,20.717665090926847,22.647212339929382,57
0,19.664144469565212,28.617832328639757,18.388963795645427,72
1,19.13431954497522,21.75471011035694,13.16906270639689,54
1,25.900403778520698,26.094630939671404,25.69509405371365,73
1,23.23360923044052,8.605939983060303,14.598707486129488,51
0,26.54875529184492,23.179349136978548,20.226509516890193,82
0,15.580296181384782,18.2783465789291,20.200538545431925,57
0,25.059433708418926,23.849556296828524,16.753948691870157,61
1,21.765964467888093,14.23643410273603,27.474055194446176,60
0,20.841650816642375,21.428091883145722,18.987359421880104,66
0,22.345393161401404,21.544518355354874,14.143382179150628,64
0,11.079611881244137,27.553998263982223,24.409182808198544,62
1,21.420376903634192,20.1523610113926,19.361279607714177,65
0,13.40950614733167,22.00485782602704,19.945022087496376,58
1,22.565255987625203,10.831216613698743,15.677340061222129,57
1,23.21554638543221,19.55743231535682,6.236883807360776,55
0,20.334968107753713,21.732951085457515,18.846769534644718,57
0,23.179038687242773,15.265693455289348,17.444613405746818,61
0,23.507943490457215,19.677728537084896,25.36994872240953,62
0,29.73178946687556,12.484017779439252,17.28610647417176,64
0,19.221751549230564,24.870998435199482,23.883837826128968,63
0,15.262484318779666,16.396114574956854,27.3463596038025,57
1,18.559728118523708,24.057000551684375,11.16681401246629,60
0,15.760454333286944,23.160904725727736,21.908527003896022,56
1,15.860471116468613,19.26648233051262,13.600401384205718,48
0,28.16636742643678,22.915760853078687,12.342286266211522,65
1,19.40518306449988,23.693435035208772,16.046127715430437,66
0,23.67480674666597,22.022257186780703,16.657511091538964,61
1,15.776321012955346,24.52212207963595,24.00566316919353,62
0,15.971952253994512,12.622645696491064,22.425210143174944,54
0,16.52502756819035,6.932217620594221,16.91933304525179,44
1,18.414088632380725,10.603943185874963,13.53235606761751,37
0,24.191899542859023,18.855804667435837,14.094959811985174,65
0,22.061220593989322,16.56727027776956,19.358171705431705,56
1,18.064382500903648,17.213359293588898,26.40997812085916,61
1,22.606547607515285,16.615669353506988,23.74153363359016,61
0,12.20951137622593,27.695715246924976,17.070201275461585,57
1,18.227326389535705,17.24619246767277,16.24945115072047,58
1,20.25165312343603,20.768409587257803,15.025643179475221,53
0,16.574658653693508,20.669895200580505,18.719472293286383,57
0,17.352016621265474,23.286468865004693,20.931215333263783,65
1,20.331525372781766,13.629265089715695,20.265093896319684,59
1,17.805505891295333,15.671171566669555,20.270112224162,59
1,21.116203389813922,19.311340948457683,21.232813601789505,58
0,23.868120309557735,17.88399241515166,23.070187382374055,63
0,16.302265276762146,12.295891807654815,17.315703789765614,44
0,15.25510780472953,21.945929673822548,22.578876223264523,50
0,19.493361514127933,14.255597670823235,28.847709944551113,53
0,15.26978583370046,13.372324661239004,24.436618318922633,48
1,14.747228599095871,24.933774078767403,15.005113168183387,61
0,14.968435154910736,20.176945243533645,24.70184447973284,61
1,8.090855964924177,15.891984721829346,22.647158259224554,47
1,23.325860774725342,16.27654340199113,19.64581209220179,60
0,17.533884740032978,26.869588568443312,16.30651985444009,57
0,27.475225691020988,13.255253087304752,15.811260194547057,50
0,26.870425599839926,12.102812581761537,15.65410703226194,56
0,19.478281054682864,15.453917835069731,21.18700452464427,55
1,30.50190528065412,16.569434263757515,14.266695608704431,71
0,25.221042783776515,20.901443991755084,21.15413419217493,69
0,10.289512980372796,19.775267927802012,10.986854672482092,43
1,21.720340595965506,20.68497191604724,20.078346569150735,71
1,17.2117277882963,17.076145421415227,14.692713576303419,58
1,24.307572782816926,20.127412232469606,25.85763293101379,73
1,21.134762355244707,17.80322226006422,21.930706647934738,64
1,18.439751064558045,20.36749606052539,14.272468300228413,57
1,22.092223074251123,21.26592983776836,11.879289640988294,51
1,22.909834798165853,20.961633538331128,20.69935978618393,63
1,18.531529993597132,5.852660611656933,24.537365984124275,47
0,7.481666799622387,25.75663197414725,17.421801739396265,47
0,17.84203077754291,31.9742467784668,19.79654242785793,71
0,14.936579769708368,22.759739234698728,18.510231430822834,52
0,25.80551350160712,16.941007064108963,22.553180794410334,61
0,10.168976235718585,17.669927496147967,16.677669867531947,44
0,10.656124432181318,24.514633429141696,19.523438437513946,55
1,17.766061796695222,23.169912189907276,20.333931726516695,64
1,20.920922231366866,17.509721188540667,25.87328205999208,62
0,23.49873274798154,22.846037673749464,21.653130336024176,63
1,16.924644675191058,20.17081519610277,27.421852611717988,67
1,9.333556254052821,18.431194794638586,23.666487823437965,56
0,23.733713228073544,18.779453714889012,15.450846851193873,61
0,16.826198843796423,12.71790230181087,17.77385813757471,54
0,18.83272448051404,14.617334993158524,14.63071741507448,51
0,25.940686031421862,19.188449181992244,25.546871890291253,71
1,19.714273916850605,18.76586312954475,20.60479626767174,59
0,12.327963605011146,19.829325618817084,25.260401609606486,54
0,25.300314426354014,22.747045716397363,20.095958907389942,67
1,10.909117974218681,24.934789250341233,31.878257837238003,68
0,19.322380844350118,22.664039729299873,28.044668657142438,77
0,23.660371334405056,20.260966916523,17.74823097022329,61
1,28.034145816176306,11.868531881755713,18.760557285655352,55
1,20.74675755820833,22.177913652924683,16.338061443362207,61
1,17.035775397352605,21.971024644356284,15.778182033238512,50
1,20.420045753347967,21.170401587557542,19.982319978183185,71
1,16.979248478011947,19.538912961166425,20.906816654879513,58
1,23.24785205315483,27.40203455066755,23.922252267684247,82
0,17.899501787898696,25.564576706620887,18.94508070445555,64
1,23.733264914605954,14.009829712342306,21.286335153567254,58
0,16.652492723132973,25.649679375748136,20.258196710903547,66
1,19.59323283542457,9.878425934421413,19.278587032293576,48
1,24.215724524990925,24.68185563969915,13.972893787614424,68
0,24.83559741799504,29.100619934882197,8.033662512070038,56
0,24.08195429777345,11.996696607185696,15.186367576377794,55
1,27.26546278204103,15.645455547279276,24.08658936678307,67
1,15.113997073823164,19.74131464738849,25.99842864286659,68
1,20.776728471406212,18.405226662540127,14.981783980424648,56
0,25.624165325126537,22.662969677346037,14.932918367462097,59
0,20.634366859937717,28.023534365843865,11.284879660068961,62
0,17.885224316081267,31.19021404637284,18.49821748780795,76
0,19.90550345077275,21.21601345375152,28.636897968551743,76
0,20.322391083028947,19.197169689939443,17.257974000275723,57
1,17.12972964021621,23.348109716444103,21.4011076899086,62
1,15.882506746977018,11.785121150287619,20.513576707086163,52
1,18.058900053392065,22.017050168361006,24.03705267982426,66
1,21.967855852507302,19.875548997882635,17.43390671347937,64
1,15.454900845800886,22.580615695953185,22.496516504994844,63
0,16.915313056120343,16.985632741448246,19.894203613047267,57
1,21.060866025377486,21.695580412563075,9.669047051550585,66
1,16.27841827986992,24.313416908986508,27.32078685270753,78
0,15.09117566475987,25.765176252723794,20.971112961248686,55
1,11.982760314989243,27.458857058971404,15.574799712871894,53
1,21.755560386011236,21.535773550685818,12.483144440409838,58
0,30.892217946777137,24.785475360092846,15.712245943331489,69
0,11.233836820558286,9.503603518292618,23.671081404699446,42
1,21.600418933353534,27.04830586978919,15.686416382537901,63
1,10.55999166783104,22.063490825211215,17.237496883438485,55
1,22.639061294014866,14.165410216195543,17.243746996794467,56
0,22.085876003826485,23.180202452599453,22.102800832463405,74
1,20.56433792346584,19.771845160031702,24.12941360493854,78
0,20.26361736301464,21.465943924972198,16.67028216236404,50
1,27.643317864687937,19.296655109990187,10.54211983695868,55
0,24.02653464062122,20.33179336260844,18.245150311169095,58
0,26.097124188951568,21.748743856878693,10.271341703243598,63
1,20.678098520215322,13.843366664588174,26.55255786246405,77
0,18.923281374764247,18.92543611674295,21.486315840612594,59
0,13.506991061628092,28.466440457265115,22.067989964554737,73
0,18.382941412323014,13.946679048815469,18.209278928622147,51
0,20.58896462644456,16.93744974341142,20.31863850590293,64
1,24.693591580008793,17.577946426703512,13.446641317553679,66
0,16.714374562074518,21.890618413503464,14.777253928370241,59
0,23.00000561863183,18.944055859900192,19.45171993537921,64
0,14.631010858891672,20.717306337615785,25.019960887079225,65
0,16.29745820308512,19.650428311344704,21.689891151272256,65
1,23.26834299059149,20.993215857754084,17.669824607604493,58
0,16.503371847403997,24.98709815330102,21.48426699585674,68
1,14.81296482101543,17.291109588278907,24.32978702285808,50
0,24.219392848236673,21.498909181455932,26.26684049321471,72
0,29.051766682377185,21.410715801904587,15.960823215172038,64
0,13.044339715958149,16.53043507756309,25.106424627719043,63
1,19.19517225829684,22.744106444675857,22.029476091010874,64
0,18.43250622100522,14.798510605444918,20.054333195381123,56
1,19.20575540739115,19.19951988571261,25.433288111490608,65
0,12.351143029516646,21.117663514204153,20.745443392208074,61
1,20.257782437888455,24.711906082670033,19.23613691357217,61
0,14.46635065936287,11.407136279170816,19.435630820327102,40
0,25.092996197804283,22.854315056529252,29.052656309262304,77
0,11.66738884125033,16.655295449336965,21.437736207175778,56
0,16.83017202829331,26.084592307167487,25.440916988613946,67
0,15.35955342950393,17.410743029043264,21.79843168885815,59
0,22.10575946481566,18.52589717254491,18.554757243805916,67
1,31.635679183335533,19.02960338251456,20.81186885321464,71
0,18.38941491049423,17.916314173046498,29.75396323773184,71
0,27.51486006430123,23.735301612201987,19.309265174189154,71
0,15.059431665020352,24.88727289782223,23.004089239954506,64
0,18.53010594565102,19.758351193054065,21.662655977210353,59
1,21.4001955897714,14.668018855076713,23.328312331736186,66
1,17.550087096802518,17.776853034220572,17.90300660244405,52
1,9.823799081542443,20.605031405804016,10.011143623190744,36
1,18.547968810505296,23.166201855337054,16.462562595105993,63
0,24.777393623844073,26.473440601426567,12.659742815801694,63
0,14.823589716529012,16.326979110566537,26.239215590319453,63
0,28.876018325180457,8.62141481752383,12.913933032992167,56
0,21.946236362882225,21.31743970824444,24.71835346267794,70
0,16.740796966050244,23.302329166346883,17.66196379488274,61
0,19.85388979487472,19.95052583036913,13.163934112796309,48
0,21.272823447599606,15.88098256658388,17.625830671554287,60
1,13.811374127007632,22.57358055835829,21.63789929147597,59
0,19.293579276761772,14.575161050810106,22.695341108045135,62
0,19.9935453471391,19.655562741722942,18.856397700805065,63
1,25.192497736689443,22.330883555249372,20.64230788629408,70
0,8.76164750632677,23.824311444350624,19.18786554296064,46
