,Y,T,Confounder
0,0.912103559750969,0.8675683682762682,-0.26486326344746364
1,0.7643311925241516,0.5791460419536502,-0.8417079160926997
2,1.037223933689297,0.2870992352492283,0.5741984704984566
3,-0.950443404293574,-0.029852948161724548,-0.059705896323449095
4,0.21805188257306152,-0.4985775925819864,-0.9971551851639728
5,0.05593163828822284,-0.30793879655228273,-0.6158775931045655
6,1.601505471126323,0.8864236515536834,-0.22715269689263312
7,-1.386569849421671,-0.7444803774275481,-1.4889607548550963
8,-1.1672517585114441,-0.007751806264039679,-0.015503612528079358
9,0.41133676959040044,0.8364729089697098,1.6729458179394197
10,1.7038755604168543,0.6684814252585628,-0.6630371494828744
11,0.42511784557884047,-0.644142790908054,-1.288285581816108
12,-1.8849537119904087,-0.4076853328536244,-0.8153706657072488
13,2.7107455075255067,1.1179154995493956,0.2358309990987911
14,0.3804985783007798,-0.26012346549904586,-0.5202469309980917
15,0.5495688730882899,0.18259419917520442,0.36518839835040884
16,1.2156906024861103,-0.4207550753728677,-0.8415101507457354
17,0.7020393619073343,0.657085875430302,-0.6858282491393961
18,2.034306231851975,1.3455503205736674,0.6911006411473348
19,1.745421749196272,1.2060396248016152,0.41207924960323056
20,-1.4703215716082767,-0.16979156644257748,-0.33958313288515496
21,0.8689909717855067,1.309837116012596,0.6196742320251916
22,2.581301515630045,1.13320311632156,0.2664062326431197
23,0.7871869854965359,0.6366538596543168,-0.7266922806913665
24,-0.7458593322308933,0.6731683180746527,-0.6536633638506946
25,1.1420463844333544,1.3872030720413564,0.7744061440827129
26,1.2707838780628247,0.7901611126409929,-0.41967777471801426
27,-0.030731336315811375,0.40625273560544156,0.8125054712108831
28,2.1840374264447036,1.1287853717027332,0.2575707434054665
29,3.3561675251529333,0.6872635525262936,-0.625472894947413
30,1.8288244898564798,0.548608674114918,1.097217348229836
31,2.8662447737133743,1.3060137684079702,0.6120275368159402
32,0.6579369251996436,0.01927419751266604,0.03854839502533208
33,1.135743838813266,0.4502192718203323,0.9004385436406646
34,0.4806922179167289,0.5229057599970077,-0.9541884800059846
35,-0.5487938290092685,0.1878017609223541,0.3756035218447082
36,1.0264354596568976,0.7692866236323168,-0.4614267527353664
37,1.4993435840678058,1.0592744271105399,0.11854885422107962
38,0.8150304014756768,-0.4443591704635431,-0.8887183409270862
39,1.7499975826921719,1.0074100212600572,0.01482004252011427
40,1.2501952387083617,1.0117946177404071,0.02358923548081416
41,0.2071887168812158,0.23246190498702188,0.46492380997404376
42,1.2220419671710285,1.1434111909073517,0.28682238181470343
43,-1.0942189680954575,-0.2958093456990286,-0.5916186913980572
44,-0.26412104287482935,0.24216336900615568,0.48432673801231135
45,1.0604805873152374,0.38963813766783795,0.7792762753356759
46,-0.45539581875601953,-0.37832983642626905,-0.7566596728525381
47,-0.6142787550681333,0.04531329633722869,0.09062659267445738
48,2.013304409240846,0.7159193354405102,-0.5681613291189797
49,2.2982427536235868,0.21227070228336842,0.42454140456673684
50,-0.23817525674442258,-0.44912938214575404,-0.8982587642915081
51,2.006840577715072,0.5678726545074229,-0.8642546909851544
52,0.1333095458766746,0.2214744701329111,0.4429489402658222
53,-0.7719242638474691,-0.5890112125514839,-1.1780224251029678
54,-1.0835263519479508,-0.19490566542060772,-0.38981133084121544
55,1.4992513271783565,0.8265927163201365,-0.3468145673597268
56,2.6233879311631254,0.7041772448633318,-0.5916455102733365
57,2.5446725187279986,1.1829571852566836,0.3659143705133673
58,2.5744943380683525,1.7210996094373292,1.4421992188746584
59,0.44193161392536956,-0.08168932931963804,-0.1633786586392761
60,-0.5034485504915158,-0.10027650278877971,-0.20055300557755942
61,2.307773169205827,1.3904415628383382,0.7808831256766762
62,0.3698270381308035,0.34338722235127284,0.6867744447025457
63,-0.7122525268291895,0.26658338293597456,0.5331667658719491
64,2.1195902449659187,1.0585977191955067,0.1171954383910133
65,-1.3961691473572655,0.027254975963750736,0.05450995192750147
66,5.172622885056656,1.5546401946907231,1.1092803893814462
67,3.555118556111754,1.3906589022686482,0.7813178045372963
68,-0.7060237393893594,-0.33226183165096357,-0.6645236633019271
69,1.6039423185227302,0.6793621982230844,-0.6412756035538312
70,1.269936372453111,0.42323898549337563,0.8464779709867513
71,-0.4098622954629376,0.7409220034856142,-0.5181559930287716
72,3.6883978661902592,1.186820156854024,0.37364031370804784
73,0.39043161935047144,0.5665641752014011,-0.8668716495971978
74,-2.3770337769017704,-0.5544163511159116,-1.1088327022318232
75,0.4244613501833666,0.06367438703767453,0.12734877407534906
76,0.37600025310059837,0.31361849178500945,0.6272369835700189
77,-1.5478172275991273,-0.11207069217565302,-0.22414138435130604
78,2.075698957344387,1.186687454439249,0.37337490887849767
79,-0.9449874177146875,1.0586996443839858,0.1173992887679716
80,1.5552060118704158,0.7005250464876184,-0.5989499070247633
81,0.7556463762870015,0.4156532897181754,0.8313065794363508
82,2.986241630456667,1.8068096373434237,1.6136192746868472
83,1.8252487554116912,0.6087493882029371,1.2174987764058742
84,0.3675365156361828,0.21513440897714586,-1.5697311820457083
85,2.243887099106189,1.2827259140771494,0.5654518281542988
86,0.950177711118865,0.42525283163464894,0.8505056632692979
87,-0.35889922452236556,-0.23693434665771726,-0.4738686933154345
88,-1.1774394250135227,-0.43570787811163636,-0.8714157562232727
89,0.31154176050908244,0.7466110348747472,-0.5067779302505057
90,3.345150954603339,1.065146616063571,0.13029323212714183
91,-1.541474988121704,-0.23001950564492746,-0.4600390112898549
92,-1.3576737870594404,-0.2908927909106902,-0.5817855818213804
93,1.4305043384518144,-0.30702669358893053,-0.6140533871778611
94,0.9374021336764772,0.5740273026219398,-0.8519453947561203
95,-1.4817473235892973,0.24152353006475408,0.48304706012950815
96,2.6375227862794164,0.9049742553582837,1.8099485107165674
97,-2.452438163471101,-0.292993097908586,-0.585986195817172
98,0.039103970664325194,-0.12535272166748582,-0.25070544333497163
99,-0.9437661729428051,-0.37711414896966555,-0.7542282979393311
100,2.1039598940029727,1.4713412930031158,0.9426825860062313
101,2.5626820580985985,1.338138200856473,0.6762764017129461
102,1.0261339793093847,0.34283120913890375,0.6856624182778075
103,0.6367431416110674,0.35660260333855065,-1.2867947933228987
104,1.3267274121868142,0.9270691094681889,-0.14586178106362227
105,1.4554504832235278,1.1055232912655095,0.211046582531019
106,3.0083963756375147,1.3494347799422521,0.6988695598845044
107,1.9476529852696753,1.3669509276375709,0.7339018552751415
108,1.4212139902341232,1.312222452838123,0.6244449056762461
109,-0.45371603025925955,0.5090296031156022,-0.9819407937687956
110,-1.2195438700907923,0.0037920234845518833,0.0075840469691037665
111,-0.1781742952305771,0.2199930444521102,0.4399860889042204
112,2.041503479300749,1.4417474921151103,0.8834949842302209
113,0.4339231172125704,0.7808836690647877,-0.43823266187042464
114,-0.5422939013532283,-0.05169890872826972,-0.10339781745653943
115,1.9579395767684296,1.1990204513344431,0.39804090266888636
116,1.2227417074703109,0.4111252320472297,-1.1777495359055405
117,1.896117654288929,1.3696641323874852,0.7393282647749704
118,-0.5114670459440351,-0.0179415471797652,-0.0358830943595304
119,-0.7918774491086391,-0.3407076144116763,-0.6814152288233526
120,0.6203241613517434,-0.048672924043604675,-0.09734584808720935
121,3.2411848677839026,1.6401516056229561,1.2803032112459125
122,5.285117704076361,2.0278469649992186,2.0556939299984376
123,3.966803565118515,1.4040102016271367,0.8080204032542734
124,1.873886630869052,0.9766077396658455,-0.046784520668309015
125,1.2043880624486252,-0.15474568834806435,-0.3094913766961287
126,0.3557925190702178,0.4035607491689809,-1.1928785016620382
127,0.5131954472836184,0.5764317132565611,-0.8471365734868779
128,3.277850942780682,0.9634784322551853,-0.07304313548962954
129,3.0116842845969316,1.071850087871172,0.14370017574234414
130,1.7141420999283983,1.1914708461444672,0.38294169228893427
131,1.9584104961702662,0.6690433593173681,-0.6619132813652636
132,-1.282413975130041,-0.17428229399876666,-0.3485645879975333
133,4.113092609520656,1.003146354157741,0.006292708315481815
134,2.1056407087440063,0.14286094347364298,0.28572188694728595
135,-0.013946910002012092,-0.2915495834106813,-0.5830991668213626
136,0.5563318845490892,-0.07291627394554882,-0.14583254789109765
137,-1.3256468381431699,-0.8361277141643756,-1.6722554283287512
138,-1.866880550392769,-0.28873537018588047,-0.5774707403717609
139,2.2462112415972135,0.359045024880849,0.718090049761698
140,-0.8040093364430365,0.07804370787464483,0.15608741574928967
141,-0.9584796683028056,-0.3483146948262176,-0.6966293896524351
142,0.7886156335399983,0.12126397208916796,0.24252794417833592
143,1.5298215146104335,0.6159053988226482,-0.7681892023547037
144,2.8537808031313956,1.1000484467771132,0.20009689355422652
145,1.0614479761319076,-0.26196747157557254,-0.5239349431511451
146,-0.9478654656014482,-0.4228054392139231,-0.8456108784278462
147,-0.4828600641511934,-0.12036202556821911,-0.24072405113643822
148,2.728937436294986,1.0866989680451984,0.173397936090397
149,3.0277082113467575,0.4908365098757531,-1.0183269802484938
150,-1.24076056000573,-0.16732063218615695,-0.3346412643723139
151,-1.5624258697627078,-0.24195919366521967,-0.48391838733043935
152,0.859843824034612,0.7964820055390684,-0.4070359889218632
153,-0.7249974546681246,-0.4730641214224299,-0.9461282428448597
154,-1.2299877064487876,-0.3327954096835696,-0.6655908193671392
155,1.8560182691150071,0.7796103221519735,-0.44077935569605303
156,4.266534480237269,1.4716655850232359,0.9433311700464718
157,1.9771868863000077,0.8891918864978285,-0.22161622700434294
158,4.377860092040975,1.5067776445760117,1.0135552891520236
159,-0.4240160950771473,0.3518137257689623,0.7036274515379246
160,1.6105294693363221,0.7376530024188781,-0.5246939951622437
161,1.7388626669108294,1.0211955665155603,0.04239113303112064
162,1.8194351451481445,1.3657376972458648,0.7314753944917294
163,-0.4740420949836746,-0.10631144035314011,-0.21262288070628022
164,1.3411527005336439,1.24563273066275,0.49126546132550003
165,2.363529425350718,0.6935633400369694,-0.6128733199260612
166,1.2607113948381852,0.8411563955737839,-0.31768720885243235
167,1.9012292107471447,0.3036110698694474,0.6072221397388948
168,1.900449193061664,0.6469247848040935,-0.7061504303918128
169,-0.33995206598980127,-0.19048346226234847,-0.38096692452469694
170,1.3234052078070233,0.9798777375981464,-0.040244524803706994
171,0.04157579555314894,-0.3503066977849904,-0.7006133955699808
172,-1.6336147024080805,-1.1945894349761026,-2.389178869952205
173,1.1153550867844482,0.6711795833028928,-0.6576408333942142
174,-2.124081530436694,-0.8490079685549458,-1.6980159371098915
175,-0.2600383535191765,-0.48102202554650253,-0.9620440510930051
176,-2.1586617715800864,-0.3394349574041802,-0.6788699148083605
177,1.0617794586554417,1.2260125098292034,0.45202501965840675
178,-1.2728568572305345,-0.1539938390564991,-0.3079876781129982
179,0.09173976329582212,-0.33829045994512497,-0.6765809198902499
180,1.4804687922225568,0.5251541325233903,1.0503082650467805
181,2.984740728233888,0.886502971943065,-0.2269940561138699
182,1.1157509450201974,0.6271524593756106,1.2543049187512212
183,-0.3752423662540467,0.09310202357252996,0.18620404714505992
184,0.39860807584352287,-0.10314910864327312,-0.20629821728654624
185,0.31531219014123546,0.475470167017478,-1.049059665965044
186,1.9802298059544676,0.6743568666019626,-0.6512862667960747
187,-0.063949219915026,0.5283854803028835,1.056770960605767
188,3.711510983598804,1.5616462100458364,1.1232924200916727
189,-1.5319388440124004,-0.21201762654216738,-0.42403525308433476
190,2.138629436206791,1.0912089668496705,0.182417933699341
191,0.38114319674308883,0.3388187899895664,-1.3223624200208672
192,3.080923677441006,1.432269774242747,0.8645395484854941
193,-0.11187324755398755,0.036702355540209904,0.07340471108041981
194,2.542647664006336,1.2956671020561576,0.5913342041123154
195,0.669638184046567,0.31550967135945224,0.6310193427189045
196,2.7580727429828378,1.4362371855858351,0.8724743711716703
197,-0.6584814995354011,0.05076309459509405,0.1015261891901881
198,0.4892164839518527,0.3020373793980028,0.6040747587960056
199,0.764851341648945,0.7126601567760784,1.4253203135521568
200,-1.652989575672606,0.11493952266351995,0.2298790453270399
201,-0.5624554797185954,0.43495102861765494,0.8699020572353099
202,2.7928727167771354,1.2720348295273431,0.5440696590546863
203,-0.20807716034909285,0.2943180595014003,0.5886361190028006
204,3.96076170573383,0.8050415421462476,-0.3899169157075048
205,-0.8823350262830096,0.0976632786955281,0.1953265573910562
206,1.0896545714515247,0.27846649567921744,0.5569329913584349
207,1.512304299067144,1.124827446267879,0.24965489253575784
208,-0.8679925762787875,-0.4223471515896557,-0.8446943031793114
209,1.0047378356935577,0.06305399658151395,0.1261079931630279
210,-0.09796367960223196,-0.015696304448792567,-0.031392608897585134
211,1.5571996700554074,0.3278701878835704,0.6557403757671408
212,0.3454222095430224,0.9492962002630824,-0.10140759947383529
213,0.9179548899088701,0.06269360404964945,0.1253872080992989
214,2.5990658422328683,1.2666585405638167,0.5333170811276332
215,0.6461247824513012,0.03929052062806412,0.07858104125612823
216,-0.6154381096195115,-0.1881478956980349,-0.3762957913960698
217,2.2485574612865187,1.0108740014484288,0.02174800289685755
218,2.9019725932031806,0.4065851569041699,0.8131703138083398
219,2.4809736237773166,1.2160354081050277,0.4320708162100555
220,-1.9942728188622167,-0.2752693903349005,-0.550538780669801
221,-0.04306212609626009,-0.2346595013595414,-0.4693190027190828
222,0.6075013015620259,0.18017139374884564,0.3603427874976913
223,2.2606341997107116,1.2285730955281107,0.45714619105622156
224,0.8404349538644724,0.9104324940884299,-0.17913501182314032
225,0.5938779791756041,0.8254704701869547,-0.3490590596260905
226,1.248116743683958,0.07125247699566194,0.14250495399132387
227,1.6249960714806209,0.6840782844237732,-0.6318434311524537
228,0.31825185233888553,0.841997089138082,1.683994178276164
229,2.9900974439779233,1.0647738104727897,0.12954762094557928
230,2.46425889716916,1.2878450443414737,0.5756900886829476
231,1.4172547880799407,1.2236404763553432,0.4472809527106865
232,3.548546572329102,1.3976791566017517,0.7953583132035035
233,-1.7993179746513452,-0.3380102926236155,-0.676020585247231
234,3.3938230929972777,0.8778795979705996,-0.24424080405880078
235,1.7559238744391477,0.833973318031484,-0.33205336393703194
236,0.6154540119077638,0.025605095625774135,0.05121019125154827
237,0.11290264271991657,0.28084160041877787,0.5616832008375557
238,0.7239177172800699,0.9422191885381991,-0.11556162292360192
239,1.270876276663091,1.3887837028630503,0.7775674057261007
240,-1.8194926893270738,-0.278640136792241,-0.557280273584482
241,4.31681108425253,1.613084666473961,1.2261693329479224
242,0.07520534786530297,-0.8847515145322269,-1.7695030290644538
243,1.7753569873005541,0.5073523637532493,-0.9852952724935014
244,3.386916651125101,1.9421089999008045,1.8842179998016093
245,3.0585246381723965,0.9415442570865921,-0.11691148582681594
246,3.7224909412653147,1.4349174142663619,0.8698348285327236
247,-1.203703853678306,-0.6208704949517617,-1.2417409899035234
248,-2.1360311476718516,-0.23250612697635903,-0.46501225395271806
249,2.064277463637239,0.4361825091502912,0.8723650183005824
250,2.379945615558285,1.1770884415457834,0.35417688309156664
251,-1.223212805497322,0.201083371685187,0.402166743370374
252,-0.6124590054880203,0.4263776772918656,0.8527553545837312
253,-0.0507611032746651,-0.38239619666965374,-0.7647923933393075
254,-0.8587880817368098,-0.1337675290076143,-0.2675350580152286
255,-0.7985855187406651,0.19193629966626274,0.3838725993325255
256,-0.22261798459334636,0.18090575339023202,0.36181150678046403
257,1.6073551112861413,0.7857217099559852,-0.42855658008802955
258,1.2256376957621653,0.03383846903051705,0.0676769380610341
259,1.248476395132024,0.7806376787464704,-0.4387246425070593
260,2.5225956923611004,0.9757534667896768,-0.04849306642064642
261,-0.051175382664665814,-0.35618467300614165,-0.7123693460122833
262,-1.1520757969946815,-0.06428288399186483,-0.12856576798372965
263,1.3228933044854483,1.226009181959313,0.45201836391862604
264,1.7606543585183434,0.8648214426721854,-0.27035711465562917
265,0.7988667051701271,-0.050791913556770096,-0.10158382711354019
266,-0.23796690850200167,-0.07065544748157346,-0.14131089496314692
267,0.13536116252452826,0.07541558308147939,0.15083116616295877
268,-0.7767025418291142,0.21689504136783772,0.43379008273567543
269,1.3732005236519877,1.0545435104920673,0.10908702098413456
270,-0.6153887099249558,0.17992054285469228,0.35984108570938456
271,0.8574196818449231,0.7171043409844442,1.4342086819688884
272,0.504504124051272,0.4367416623721272,0.8734833247442544
273,-0.23842880195300353,0.2733023158555671,0.5466046317111342
274,0.4739009297735751,-0.07270402571038621,-0.14540805142077243
275,0.2619341330790887,-0.3095017751227904,-0.6190035502455808
276,0.5756720257984804,-0.025307235130660938,-0.050614470261321876
277,4.735657083502802,1.8094978681746645,1.6189957363493288
278,1.644239461540982,0.6396985982693473,1.2793971965386945
279,1.6188534893139255,0.7589198208636578,-0.48216035827268433
280,-0.3972977851927287,-0.2604093386718398,-0.5208186773436796
281,3.5070744883134184,1.2001087362107044,0.40021747242140854
282,0.6786616458534016,0.23795143883051256,0.4759028776610251
283,-0.7493013125195822,-0.32735545744785766,-0.6547109148957153
284,2.1455167595869553,1.3523924234501805,0.7047848469003611
285,-0.2710369073280897,0.014651842884807073,0.029303685769614146
286,0.9061476747971033,0.657278168109736,-0.6854436637805279
287,2.0950058052474323,1.3284245488754067,0.6568490977508133
288,0.9749224980383071,0.3486734690791282,0.6973469381582564
289,-0.5959014965713207,-0.1405849577934056,-0.2811699155868112
290,2.0442580787639617,0.6286436301854911,-0.7427127396290178
291,0.6140142058590662,0.23648598960668044,-1.5270280207866391
292,1.7656392932177334,0.4787501931185779,0.9575003862371558
293,1.7988846135855,0.9128474661831435,-0.17430506763371292
294,1.9175157242496206,0.21102145307916687,0.42204290615833373
295,0.5294445455299648,0.21772839082419276,0.4354567816483855
296,1.0644171951050208,0.6307814883184316,-0.7384370233631368
297,-1.346062129718105,-0.2270557472476768,-0.4541114944953536
298,2.337086446054884,0.8381650426337889,-0.3236699147324223
299,1.0434389162142506,-0.09303456097609396,-0.18606912195218792
300,-1.9838082970193764,-0.3681569781935852,-0.7363139563871705
301,1.6408070185119634,0.6692942573100933,-0.6614114853798134
302,2.0799765365637026,1.4165151608967894,0.8330303217935788
303,3.798917794249151,1.1800036708491042,0.36000734169820836
304,1.8112254268209265,-0.032631711964293,-0.065263423928586
305,3.738471074934669,1.716243346160429,1.432486692320858
306,3.057768384751824,1.4750131015306573,0.9500262030613145
307,0.8879972380428137,0.8201545862691656,-0.35969082746166875
308,1.2097400722239289,1.2289226474552233,0.4578452949104467
309,2.560787297360613,1.0230399715895375,0.046079943179075156
310,0.9300864396886586,0.971279137738963,-0.05744172452207405
311,0.33064383598075026,0.09778098703939012,0.19556197407878023
312,3.334862637219355,1.014233082641775,0.028466165283549973
313,0.991782297167975,0.769489857932114,-0.46102028413577206
314,3.3384494586847633,1.3528360309026675,0.705672061805335
315,0.5313376480181781,0.09211682079023462,0.18423364158046923
316,1.380098320958175,0.267708668206702,0.535417336413404
317,-0.05690271530663904,0.5098800815960682,-0.9802398368078635
318,4.033180328985631,1.1856444622980076,0.37128892459601504
319,0.8044593943202203,0.439698167436667,-1.120603665126666
320,1.5290881673019197,0.8461226549717759,-0.30775469005644823
321,0.42668006243958995,0.1079396489402323,0.2158792978804646
322,1.1207025385556637,0.9877237080455994,-0.024552583908801214
323,1.97807213738387,0.19707493107859608,0.39414986215719217
324,2.2114818923172557,0.8547224524149435,-0.29055509517011313
325,-1.2597108720233894,-0.054386936127291036,-0.10877387225458207
326,-1.4338852860323767,-0.08613113505822222,-0.17226227011644443
327,1.741030192009637,0.8243169046355242,-0.3513661907289516
328,1.7748645365745144,1.0260740782631816,0.052148156526363315
329,-0.7052380122570046,0.4063761398521026,0.8127522797042052
330,0.9058121158477528,0.905437018496006,1.810874036992012
331,1.4732832116566623,0.5021426668248977,1.0042853336497954
332,0.01485001441802325,0.8162356888588934,1.6324713777177868
333,1.59269007159384,0.22945719079020752,0.45891438158041503
334,2.978204080515564,0.9044235053123346,-0.19115298937533082
335,1.1678193108882893,-0.233204496562937,-0.466408993125874
336,3.030060139574606,0.6668832450443456,1.3337664900886912
337,1.64751313373074,0.698849950728121,-0.602300098543758
338,2.1321983056677594,1.4110493821779797,0.8220987643559595
339,0.8968363426354651,1.1032510609334132,0.20650212186682657
340,2.6681601159338593,1.4190083472557922,0.8380166945115843
341,-0.43490870793213127,-0.5177391726748212,-1.0354783453496423
342,0.9754807216307737,0.2114287222251042,0.4228574444502084
343,0.42679470246831946,0.24957129137838044,0.4991425827567609
344,1.9499428008858262,0.8966351131492885,-0.20672977370142312
345,2.3175640180510966,1.3959158304622994,0.7918316609245989
346,0.10391419672279645,-0.10039307893004497,-0.20078615786008994
347,-0.9557742298415454,-0.5492332905318051,-1.0984665810636103
348,-0.780517328709357,0.2065022724880395,0.413004544976079
349,0.29703955797682813,-0.2280804589996198,-0.4561609179992396
350,-1.7494292111678091,-0.10689111797361789,-0.21378223594723578
351,0.2917180122202862,-0.19953573636140187,-0.39907147272280374
352,1.7054824452187505,0.7874764562862521,-0.4250470874274958
353,2.4036804841614425,0.3591834539992077,0.7183669079984154
354,-0.2775043961962831,-0.07491095790817326,-0.14982191581634652
355,0.15978339561991023,-0.13717807323377287,-0.27435614646754575
356,3.512512183157779,0.8000170831471926,-0.3999658337056149
357,1.1102854113800331,0.5471866107093849,1.0943732214187698
358,2.2126732272378846,1.2651725920034123,0.5303451840068246
359,1.9799360827568329,0.3338395243758589,0.6676790487517178
360,1.344256885423584,0.09064317202166661,0.18128634404333321
361,0.43115402581113077,-0.09179608799170669,-0.18359217598341337
362,3.446012061190002,2.2245904810279016,2.449180962055803
363,1.3628958079516587,0.7081763132611156,-0.5836473734777688
364,2.491188186813999,0.6993386496115838,-0.6013227007768325
365,3.8037169621311158,1.020781942577625,0.041563885155250085
366,0.9063884606413075,1.080641797493793,0.16128359498758577
367,1.01764585123237,0.5996042840688859,1.1992085681377718
368,0.8504053339570686,0.42623763501529,0.85247527003058
369,0.20418838424784547,-0.15678265972756678,-0.31356531945513355
370,-0.2414147024836404,0.29650619793049826,-1.4069876041390035
371,2.813123017210621,1.2313101533011725,0.462620306602345
372,3.085111916803773,1.2090356716787922,0.4180713433575842
373,1.082460718585276,0.9604719906329284,-0.07905601873414318
374,1.8048264677027042,0.9734901789332716,-0.05301964213345678
375,2.6467692347735943,1.3695569327880808,0.7391138655761613
376,2.0514496453805062,0.6159133595807893,-0.7681732808384215
377,-1.1213288884962194,0.3205985226988458,0.6411970453976916
378,-0.6009356880971977,0.16115610290093657,0.32231220580187314
379,0.5128261698387289,-0.07636464833400944,-0.15272929666801888
380,0.7690787979449885,1.3071388193590607,0.6142776387181215
381,0.21299273413068287,0.5048622251225234,1.0097244502450469
382,1.4200968646626715,1.1466788040366287,0.2933576080732574
383,-0.7790001304701228,-0.07485870235958147,-0.14971740471916295
384,1.6341649570409547,0.5261009073351193,-0.9477981853297616
385,1.648907835257845,0.9270856756555642,-0.14582864868887163
386,1.1096044778317977,0.9977784873653619,-0.004443025269276313
387,-0.19683522484844723,-0.2957183095057562,-0.5914366190115125
388,2.021209883042869,0.7041257207564087,-0.5917485584871827
389,0.2111107714163341,0.07953149949987548,0.15906299899975096
390,2.927696349451608,1.288093301091053,0.576186602182106
391,0.41620990522220286,0.21884659338414128,0.43769318676828256
392,1.9006435196698432,0.8856215772273189,-0.22875684554536213
393,-2.3167626261130714,-0.013737033288037812,-0.027474066576075623
394,1.2887730937626698,0.4529965240617084,0.9059930481234169
395,-2.1132753538010847,-0.12494326965341415,-0.2498865393068283
396,2.7688502026104675,0.9456670692099021,-0.10866586158019585
397,0.3546873936443785,0.3269397514132408,0.6538795028264816
398,1.8630984734440188,0.7160003571705538,-0.5679992856588926
399,0.10707442283164192,-0.21342933585259197,-0.42685867170518393
400,0.6902524203182883,0.2437860386195676,-1.5124279227608648
401,2.284892799804129,0.7437366776986851,-0.5125266446026298
402,-1.6450732270512116,-0.5588077976466326,-1.1176155952932652
403,0.9356842377603177,0.2550635582511266,0.5101271165022532
404,4.482947318842016,1.504538148292534,1.0090762965850677
405,-0.4246209758028523,-0.7160657843922689,-1.4321315687845377
406,0.878202098903637,0.15092316892832408,0.30184633785664816
407,1.0078958080858231,0.6255086535908481,-0.748982692818304
408,2.214266017167307,1.60001606341068,1.2000321268213598
409,0.6006972194110848,0.20368212467682756,0.4073642493536551
410,3.8406857273961124,1.650992003011662,1.3019840060233239
411,1.349689942809464,0.8449471920873324,-0.31010561582533525
412,0.4163094853395383,0.3888354669016071,0.7776709338032142
413,3.017307865824337,1.3224592074906107,0.6449184149812215
414,1.1828784669663122,1.2462384133886395,0.4924768267772791
415,2.4346940831197212,1.698901051808036,1.3978021036160722
416,2.011131028352424,0.8722287884570014,-0.25554242308599723
417,-0.712934969355983,0.2575444825388036,-1.4849110349223928
418,1.0226364563113917,1.1699151681974789,0.33983033639495785
419,1.4808956085231246,0.188915138606515,0.37783027721303
420,1.2619762539311195,0.577328823953565,1.15465764790713
421,-0.8818988048770398,1.1246026347498974,0.24920526949979482
422,1.129434173022453,1.3453570090246265,0.6907140180492529
423,-0.713495146080078,0.10576210442832921,0.21152420885665843
424,1.9066104925867207,1.121041227932288,0.24208245586457638
425,-0.4114953594632611,0.2902564825453014,0.5805129650906028
426,2.762380493523355,1.091939639269696,0.1838792785393921
427,2.9104872900124388,1.2500996394401567,0.5001992788803135
428,1.2665363119200843,0.6477942289190614,1.2955884578381227
429,0.5169093573355095,0.5513980378921262,-0.8972039242157478
430,2.729638349674209,1.2300795303433987,0.46015906068679724
431,-0.09054027788558759,0.0344266674563867,0.0688533349127734
432,0.7152315587152871,0.018815335142101413,0.037630670284202826
433,1.8370312339288017,0.8532549642835101,-0.29349007143297967
434,2.771070184396458,1.0457639458092645,0.09152789161852906
435,2.9837302982259706,0.35119601697087266,-1.2976079660582547
436,-0.833223978912321,-0.1338663401544935,-0.267732680308987
437,0.8456516403434245,0.3180112702618524,-1.3639774594762952
438,0.374156153437783,-0.051563080206600685,-0.10312616041320137
439,1.072658571757194,-0.05947616065380383,-0.11895232130760766
440,0.9973186313900197,0.4851620803837796,0.9703241607675592
441,1.2973535027157141,0.6108647952410664,-0.7782704095178673
442,-1.2716553131724264,-0.13501167997608007,-0.27002335995216015
443,0.26990408990996406,0.5789985407971665,-0.842002918405667
444,3.11624009559467,0.8546188695722612,-0.2907622608554777
445,1.9233779559292925,0.9929488775232441,-0.0141022449535117
446,1.6748935188943697,1.01390365221084,0.027807304421679876
447,0.6738328784770782,0.34498241607532065,-1.3100351678493587
448,1.3994283032457926,1.0979029843420156,0.19580596868403108
449,0.11714814685301572,0.23296437431106032,0.46592874862212064
450,3.1768944592381305,1.4662552563991427,0.9325105127982856
451,0.069505417924968,-0.09578501342772788,-0.19157002685545577
452,-0.7980138737102708,-0.794615248329093,-1.589230496658186
453,0.8217569647479872,0.18440707743150456,0.3688141548630091
454,0.1906068948382894,-0.230980749056097,-0.461961498112194
455,-1.7902315023827928,-0.6367229025244313,-1.2734458050488626
456,2.420594246552809,0.9420334858601724,-0.11593302827965513
457,1.1309796824689144,0.7467332460804337,-0.5065335078391326
458,-0.9683547976725291,-0.4222739233882738,-0.8445478467765476
459,1.7797174730975536,1.016337318494181,0.032674636988361955
460,2.717521467367264,0.8823061099517737,-0.23538778009645261
461,2.6232783295188806,1.5066095474635837,1.0132190949271673
462,0.5320421159106908,0.25084425459424686,0.5016885091884937
463,-0.13575998318140908,0.09647672992764425,0.1929534598552885
464,-1.3734990398282159,-0.165593923052677,-0.331187846105354
465,1.2784346077221995,1.0916164891509834,0.18323297830196686
466,1.7402686803475453,0.5347977769879015,-0.9304044460241969
467,0.5853423478384165,0.9834873438188112,-0.03302531236237769
468,0.07343332575882816,0.08244030615550405,0.1648806123110081
469,3.7465864799283377,1.140338172580282,0.2806763451605636
470,-0.7406834722921722,-0.07009127183285252,-0.14018254366570504
471,2.1512471304293985,1.1247552282218622,0.24951045644372427
472,-1.7675609408751363,0.22538439048678627,0.45076878097357254
473,1.1576120881610867,0.7303486720020507,-0.5393026559958985
474,2.20987798678175,0.6626158097805401,-0.6747683804389196
475,2.277069608352969,0.10103806196647291,-1.7979238760670542
476,4.051200824596225,1.6318770457055654,1.2637540914111307
477,1.4617873072301228,0.8870599218694835,-0.22588015626103297
478,-0.28825276340343176,-0.18780918655317777,-0.37561837310635554
479,3.213973078069369,1.0098676187994056,0.01973523759881099
480,3.797093823818888,1.3530094242373032,0.7060188484746062
481,1.082914425956809,0.14570427782318066,0.2914085556463613
482,2.6653064485450626,0.8805894729662641,-0.2388210540674718
483,0.6746222906315159,-0.05365903559935941,-0.10731807119871882
484,3.698431332099896,1.6532096710835122,1.3064193421670245
485,1.6783494701534418,0.6206465038997286,-0.7587069922005428
486,1.2735720214126423,0.8579565590847105,-0.28408688183057895
487,4.489873015355444,1.0072904508435496,0.014580901687099052
488,1.1360147851948241,0.4256687971323794,0.8513375942647587
489,2.684531129845767,1.150082082854022,0.30016416570804383
490,1.1918065827755238,-0.11395014222611537,-0.22790028445223073
491,0.3390333901447644,0.16853811521165032,0.33707623042330065
492,-1.3158645211598956,0.052376334739336644,0.10475266947867329
493,3.0770381105203244,0.20754952687713601,0.41509905375427203
494,0.9969903590099534,0.1096659257528703,0.2193318515057406
495,1.0490769709142447,0.923673218420437,-0.15265356315912593
496,-0.37807605334601896,0.1879778120874725,0.375955624174945
497,1.573290222926413,0.2722445170051738,0.5444890340103477
498,0.5829444544888422,-0.662529489947679,-1.325058979895358
499,0.21995702210483836,-0.7598003642003238,-1.5196007284006476
500,0.48098855534368523,0.6984187917650679,-0.6031624164698641
501,2.0011950228298057,0.462388253348034,-1.075223493303932
502,0.2956127748764612,-0.47732312990648657,-0.9546462598129731
503,-1.2407595098072193,0.5351334043066905,-0.9297331913866189
504,2.6288804454534587,1.4721300570110938,0.9442601140221876
505,0.07818455421107684,0.8512947405515976,-0.2974105188968049
506,0.5113028588999615,-0.18349029624662688,-0.36698059249325377
507,3.5368679436238857,1.5803558997612375,1.160711799522475
508,0.7622669081274691,-0.1215751873171188,-0.2431503746342376
509,1.4700801665094905,1.0708176294201825,0.14163525884036524
510,0.1783366727876604,-0.3199687998855001,-0.6399375997710002
511,2.49908284838085,1.6329971223006416,1.2659942446012835
512,1.8803676343211038,0.4247134608460782,0.8494269216921564
513,3.832289581707057,1.3024061134835945,0.6048122269671891
514,2.1524252943085527,1.179214373756261,0.3584287475125221
515,2.051474828318902,1.4286286561751829,0.857257312350366
516,1.3515868954264403,0.9478117873750276,-0.10437642524994478
517,2.13949621328687,0.8894761293896524,-0.2210477412206953
518,3.007162639928005,0.037866407884924486,0.07573281576984897
519,-0.6252327641440605,-0.9772778180665027,-1.9545556361330054
520,0.9072175196031718,0.4535017734042903,0.9070035468085806
521,-1.1601158671986882,0.10514325061128509,0.21028650122257017
522,-0.5712363958484676,-0.32036909633950267,-0.6407381926790053
523,0.8462516222444436,1.0414801141848842,0.08296022836976823
524,2.145084556958342,0.9281285258708799,-0.14374294825824027
525,3.5550165233324993,1.097873479713716,0.19574695942743198
526,2.1251449885927904,1.2030074174667655,0.4060148349335313
527,2.189728676834469,0.931691390286627,-0.1366172194267461
528,0.05813733311859526,-0.6815035917363986,-1.3630071834727973
529,1.0771365033099147,0.08407171152614877,0.16814342305229754
530,2.9207591297613082,1.179096401530654,0.35819280306130796
531,1.9967487733207177,0.050644143020334625,0.10128828604066925
532,0.5524505459557723,1.1937880149121727,0.3875760298243455
533,-0.5084659017340103,0.02022297768288729,0.04044595536577458
534,1.3284243000235891,0.8772547707692376,-0.24549045846152465
535,0.8371027375119697,0.2705119832155587,0.5410239664311174
536,-1.2716498318704337,0.17619486997210085,0.3523897399442017
537,-2.1532134989169256,-0.1840908295131858,-0.3681816590263716
538,-0.21944069692753454,0.31970196714311133,0.6394039342862227
539,1.2295361898332735,0.5980269722835844,1.1960539445671687
540,0.8229784782338151,0.603228733094207,-0.793542533811586
541,2.9925647475381343,0.15065233844194437,-1.6986953231161113
542,3.2282551757620013,0.9556999226133747,-0.08860015477325067
543,0.4635784001076898,-0.4307569184780078,-0.8615138369560156
544,1.8163270456613154,0.7052032592693704,-0.5895934814612591
545,-2.674448965836702,-0.31944168357030195,-0.6388833671406039
546,0.9151913604437507,-0.21291615818643056,-0.4258323163728611
547,-0.5856954421654323,0.44125636161572884,0.8825127232314577
548,-0.0781342167550898,-0.0148833504989756,-2.029766700997951
549,0.1598396250122902,-0.47566588300303214,-0.9513317660060643
550,-4.040855811726319,-0.48957704565916826,-0.9791540913183365
551,2.2580714699397797,0.9841496746530813,-0.03170065069383722
552,-0.10478520002749936,-0.4223556753042304,-0.8447113506084608
553,1.4597466703274407,0.43819926482914173,-1.1236014703417165
554,2.420729907285097,0.5789041398244154,1.1578082796488307
555,-1.6100491740370781,-0.39650664148938636,-0.7930132829787727
556,2.4758724910401164,0.7379134592683928,-0.5241730814632144
557,-1.0270798127416052,-0.34182580167639354,-0.6836516033527871
558,1.8148710851545276,0.9707220194868802,-0.0585559610262396
559,-0.8504996532658761,-0.4716821216379473,-0.9433642432758946
560,-0.16730240259560442,-0.34967995637531607,-0.6993599127506321
561,0.9058236159805713,0.6136847796155548,-0.7726304407688904
562,3.1291360674551,0.8299840397161125,-0.3400319205677752
563,-0.183243600617789,-0.5011513022834646,-1.0023026045669292
564,2.2046923352421937,0.7547638477865211,-0.4904723044269579
565,0.11140811922642069,0.021599800966179014,0.04319960193235803
566,-0.5148914804683639,0.015401739657153428,0.030803479314306857
567,-0.1423154070113036,0.06159572142707438,0.12319144285414876
568,2.329674332797734,1.336634235801372,0.6732684716027442
569,2.8102139490836464,0.9729753697265904,-0.05404926054681933
570,0.03866451769850132,0.2806340054174634,0.5612680108349268
571,1.061975076842728,0.8452208164318977,-0.30955836713620444
572,2.2518871986896993,1.0351406596753538,0.07028131935070774
573,-1.032906958375889,-0.1950921936085615,-0.390184387217123
574,0.915335678528993,-0.06690323772048783,-0.13380647544097565
575,-0.2069195558749795,0.10568783865224869,0.21137567730449738
576,0.6798454078916681,0.3539982545564932,0.7079965091129864
577,2.1349351792919133,0.9895549253267728,-0.020890149346454497
578,1.222536645076033,0.17905588106229076,0.3581117621245815
579,1.0939235864514265,-0.30770821626631595,-0.6154164325326319
580,0.23190369882303208,-0.44954499601652714,-0.8990899920330543
581,2.7369473748073245,1.1803855935292138,0.3607711870584276
582,0.890856546381269,0.09100379778778037,0.18200759557556073
583,0.8942424271533533,1.3586708886422405,0.7173417772844809
584,-0.21070055701357648,0.3795937475042802,0.7591874950085604
585,0.3474884308136728,-0.08007478143955474,-0.16014956287910947
586,0.4470171653614443,1.3210348498349234,0.642069699669847
587,-1.1710286031748263,0.598968386586695,1.19793677317339
588,0.6560098791318417,-0.4035593293537407,-0.8071186587074815
589,1.8115274841411617,0.5533067123331528,-0.8933865753336944
590,-0.9494029295484716,0.0511838483289716,0.1023676966579432
591,0.13511912765515016,0.16792060021063254,0.3358412004212651
592,3.0383518983425413,1.3202078101287318,0.6404156202574636
593,-0.5272106770947855,-0.6433159975885556,-1.2866319951771112
594,-0.7511850764964698,0.13505748205260926,-1.7298850358947815
595,-0.22955790144821944,-0.1342632947178532,-0.2685265894357064
596,2.8982015741009777,0.4337353415960694,-1.1325293168078612
597,-1.5341549647509751,-0.06629529762989299,-0.13259059525978598
598,0.7612478791102433,0.8931052307934708,-0.21378953841305826
599,2.1315243744959456,0.4572174365369922,-1.0855651269260156
600,-0.0011347083437304173,-0.16006900320979353,-0.32013800641958706
601,0.658400345700974,0.748529529647155,-0.5029409407056901
602,0.14236812580523456,0.047659814961993785,0.09531962992398757
603,2.244942330074293,0.922636622380189,-0.154726755239622
604,1.3119882663237872,0.30619366082660554,0.6123873216532111
605,2.195024815106489,0.8477675380746119,-0.30446492385077617
606,1.837177925687615,0.03400616971966866,0.06801233943933732
607,-0.11577105975799706,0.7569004890605224,-0.48619902187895525
608,1.4986635584231742,-0.013419660868789846,-0.02683932173757969
609,1.4644650917148732,0.5774829469462631,1.1549658938925262
610,0.03842568883205543,-0.0034167361878623265,-0.006833472375724653
611,-0.30573070327509344,0.15577380176795544,0.3115476035359109
612,3.592744980781617,1.7841361863412213,1.5682723726824426
613,2.560724783310127,0.686369483810162,1.372738967620324
614,3.4030551840380747,0.851765490578385,-0.29646901884322996
615,0.3916730053391635,0.4273859686136778,0.8547719372273556
616,3.1079894886210417,1.211985986702827,0.423971973405654
617,0.24096010567597673,0.2462793755814035,0.492558751162807
618,-0.006494124005915938,-0.05094591764296205,-0.1018918352859241
619,-0.2736150356234639,-0.40137938107692145,-0.8027587621538429
620,0.8492237811836791,-0.19320172033951555,-0.3864034406790311
621,1.2205351771031914,0.6184773388855322,1.2369546777710645
622,0.48604948223881106,1.515688443837712,1.0313768876754241
623,-0.9251752431983067,-0.34695438148271524,-0.6939087629654305
624,-0.7369751005427333,-0.13163120772575101,-0.26326241545150203
625,-0.0031817553410042887,0.05601742290119472,0.11203484580238944
626,0.5781520908612323,-0.08751887533157157,-0.17503775066314314
627,0.7755724827599244,0.3206569754573455,-1.358686049085309
628,-0.7961973955373249,0.667420453616208,-0.6651590927675839
629,-1.5229396682631697,0.2818542558192735,0.563708511638547
630,-0.16523801969843063,0.0033091562997650883,0.006618312599530177
631,1.6626615935211384,1.1242903386285092,0.2485806772570186
632,0.9544089287480613,0.4850832870141796,-1.0298334259716408
633,1.6321734644776067,0.3006700821814517,0.6013401643629034
634,0.6037383645241678,0.4567182548173504,-1.0865634903652992
635,0.783905819273448,0.15415431625879733,0.30830863251759466
636,0.2753631991143082,-0.4446968096272854,-0.8893936192545708
637,0.24886533915555864,0.767273900364106,-0.46545219927178794
638,2.7612636267753357,0.903509742668662,-0.1929805146626759
639,-1.1140534376135545,-0.14317490722379242,-0.28634981444758484
640,1.6287997539142498,0.9857948937789629,-0.028410212442074312
641,3.0445241070835323,0.9657126546814396,-0.06857469063712084
642,3.8791518822629767,1.3202239024769522,0.6404478049539046
643,-1.1055462250894756,-0.17643560248888857,-0.35287120497777713
644,4.001274246104273,1.4849445013911615,0.9698890027823233
645,1.1011883182202464,0.6517122447826629,-0.6965755104346741
646,-1.0670051613245943,0.513360480583864,1.026720961167728
647,1.4098849190097902,1.050615842818212,0.1012316856364239
648,0.0525191384620225,0.558381744198218,1.116763488396436
649,0.3245645833993215,-0.22148470447044194,-0.4429694089408839
650,2.6254221588574334,1.0827835645178183,0.16556712903563647
651,-1.293707850867035,-0.667155676368596,-1.334311352737192
652,1.9623035459968903,0.8095821296413219,-0.38083574071735604
653,2.3414376292685666,-0.015208689992304535,-0.03041737998460907
654,0.7024327432200358,0.12668322401513887,-1.7466335519697223
655,0.47543534907586166,0.3635180358262893,0.7270360716525786
656,-0.07238457895049322,0.3017725730395685,0.603545146079137
657,2.5343612111464275,1.3119856678592388,0.6239713357184776
658,1.232357269388481,-0.39167542406534844,-0.7833508481306969
659,1.1807543889018592,0.44629853123066454,0.8925970624613291
660,-0.4867836030465733,-0.19056079958984165,-0.3811215991796833
661,3.0751353074958274,1.3291605740726902,0.6583211481453802
662,1.3730089745643965,0.648504039102257,-0.702991921795486
663,2.677275028811937,1.2793031525848642,0.5586063051697283
664,2.1551640839967443,0.9756530503316353,-0.04869389933672944
665,-0.5547348115908263,0.09304493580034699,0.18608987160069398
666,-0.4618350515518621,-0.07214057581518737,-0.14428115163037475
667,1.8636358291074586,0.5230772281103817,1.0461544562207634
668,2.1231099445668664,0.8977186800914705,-0.20456263981705897
669,2.1521732731057654,0.9232869763047009,-0.15342604739059812
670,1.7481245601863082,0.21737778175832098,0.43475556351664196
671,2.948957483358285,0.649964763239081,-0.7000704735218378
672,0.1293528777860795,0.5599265625945433,-0.8801468748109135
673,-1.1038457419084984,-0.468157983849978,-0.936315967699956
674,1.0045317842363426,-0.07494351370205615,-0.1498870274041123
675,0.6156358992169817,0.3075823143194011,0.6151646286388022
676,1.6671451675882345,1.0301993390420896,0.06039867808417927
677,3.224717760958984,1.2941651756289025,0.5883303512578049
678,3.515393449853651,0.8988077124133055,-0.20238457517338898
679,3.2576040057396165,0.9312820205821591,-0.13743595883568172
680,2.4833520019008284,0.9506292475323956,-0.09874150493520883
681,-1.0958743358771221,-0.6141006711968232,-1.2282013423936464
682,-0.5603019017669103,-0.05043832896007952,-0.10087665792015904
683,0.7675565026046786,0.5464717561270943,-0.9070564877458114
684,-2.1678971801865883,-0.323040308534245,-0.64608061706849
685,-1.7045825034748474,-0.3182367537599497,-0.6364735075198994
686,-1.5631671226966464,-0.045804627099072556,-0.09160925419814511
687,3.4057926695063294,1.2905244826192308,0.5810489652384618
688,2.3967629018580014,0.4372759847231238,0.8745519694462476
689,1.7132104074757164,1.2627337851799925,0.5254675703599847
690,3.32656676494745,1.2181637942505212,0.43632758850104253
691,-0.5077702228563611,-0.16465452321861082,-0.32930904643722164
692,-0.07157802704589095,-0.06706094254276242,-0.13412188508552483
693,2.0329391263606267,0.7529449437493061,-0.4941101125013878
694,2.2926804892711825,1.2903657335518035,0.580731467103607
695,2.946487089568479,1.1419557240861473,0.2839114481722946
696,3.600773852019768,0.8846434934883992,-0.23071301302320155
697,-1.2128397126284085,0.036569424594549774,0.07313884918909955
698,-1.7731310636133562,-0.4744209624647407,-0.9488419249294814
699,-1.1775322557479195,-0.5888444572087863,-1.1776889144175726
700,-0.005649759198240567,-0.253513138725787,-0.507026277451574
701,0.6576266991304848,0.7851727552404879,-0.4296544895190241
702,1.5699351808584128,0.7544974318157192,-0.49100513636856163
703,0.04520056118968044,0.021754992807000755,0.04350998561400151
704,0.48556461508561594,0.5514828124202098,1.1029656248404196
705,4.087567340813508,1.2400834274967005,0.48016685499340117
706,0.9525018545181677,0.46395620258037307,-1.0720875948392539
707,0.8060816966930098,0.2211915623220712,0.4423831246441424
708,1.8495604913182464,1.3548216686173054,0.7096433372346105
709,2.5599320080787265,1.2236567112906047,0.4473134225812093
710,-1.9500423838693512,0.1152134784751746,0.2304269569503492
711,1.1333198360259535,1.199893908472465,0.3997878169449299
712,0.20232634378922348,-0.043378706287036134,-0.08675741257407227
713,2.3793296290787636,1.0461442344994063,0.09228846899881271
714,1.8994028593311643,0.6384757673474752,-0.7230484653050496
715,2.587826802157129,1.2987695890420434,0.5975391780840869
716,0.04332615580490651,-0.4683569427012922,-0.9367138854025844
717,0.6756525880095723,0.25472266688152834,0.5094453337630567
718,0.0010056948134636867,-0.31905023516736614,-0.6381004703347323
719,2.733537343733492,1.1004072300370475,0.2008144600740949
720,2.3669537585498874,1.15979387769625,0.3195877553924998
721,1.5620615549321109,0.6802207100584937,-0.6395585798830126
722,0.6870746947271666,0.5302417921195951,1.0604835842391902
723,0.061515326329526804,0.16116802825519366,0.3223360565103873
724,2.062696645150404,1.012254523591331,0.024509047182661996
725,0.3412630722043979,-0.15237540213844972,-0.30475080427689943
726,2.292575049782362,0.9702955496667269,1.9405910993334539
727,0.6246977896003905,-0.37007805417484274,-0.7401561083496855
728,3.0592279704090624,1.3833447925751439,0.766689585150288
729,1.1666764892225872,1.2456411785127448,0.4912823570254896
730,1.483040507955628,0.6016364555656087,-0.7967270888687825
731,1.870942524924553,1.7828774871777966,1.5657549743555932
732,1.294792657350441,0.00823292464767221,0.01646584929534442
733,-1.328798054245948,0.15730430848227192,0.31460861696454384
734,0.7002205998595892,0.9449049663562578,-0.11019006728748448
735,1.1657755107714585,0.5237501301281786,1.0475002602563572
736,-1.7921717566214932,-0.22977483528352838,-0.45954967056705676
737,-2.232420520452747,-0.595750695196278,-1.191501390392556
738,-0.5913629236937499,-0.19192288239302724,-0.3838457647860545
739,1.265045757578935,0.18011025051810067,0.36022050103620135
740,-0.38580161739004515,0.7104858554219171,1.4209717108438342
741,0.2381028100157243,0.35825339878603396,0.7165067975720679
742,1.8239915984766644,1.1152386613515815,0.23047732270316276
743,4.463784332844114,0.5995486015233288,-0.8009027969533424
744,1.5306445755912876,0.030207179214065294,0.06041435842813059
745,-1.423705340385061,0.2967746297220086,0.5935492594440172
746,1.0801529292247154,-0.012231682844120989,-0.024463365688241978
747,0.6347447157828151,0.25044311276536624,0.5008862255307325
748,2.19482630209006,0.2884907998954732,0.5769815997909464
749,1.7631010733627577,0.7660477356658046,-0.4679045286683907
750,1.2172628189916235,0.8621330966091083,-0.2757338067817833
751,0.6832130426498462,0.19119472405043905,0.3823894481008781
752,-0.8363302241150037,0.021982110077266456,0.04396422015453291
753,-2.5862618947015403,-0.12591669253153034,-0.2518333850630607
754,2.0035696737234914,0.8206301748331185,-0.3587396503337629
755,1.4396899147168205,0.5558519055532943,1.1117038111065887
756,0.35552286515988807,1.04415265887704,0.08830531775408013
757,1.5928933574619655,1.44869545070501,0.8973909014100202
758,2.9295370861529855,2.0657396285361527,2.131479257072306
759,1.3431531488838186,0.31047517355104526,0.6209503471020905
760,4.247134295526086,1.153901239019901,0.3078024780398019
761,3.0728094789688467,1.3632020219022798,0.7264040438045596
762,3.2407586701550413,1.2675303432705884,0.5350606865411769
763,1.9052541750611003,1.3261099095877564,0.6522198191755129
764,3.437096187412294,1.0690124079964054,0.13802481599281058
765,1.1197799304832834,0.4639914360342332,-1.0720171279315336
766,5.46239698139698,1.2691378601058598,0.5382757202117197
767,2.748848007967609,0.9938528214677376,-0.01229435706452476
768,1.3008327394256385,1.089672541796596,0.17934508359319207
769,0.8223155892376577,0.022386375917043486,0.04477275183408697
770,2.9063393290414536,1.0821056965373483,0.16421139307469668
771,-0.15716422684758416,0.1314772375815913,0.2629544751631826
772,-0.4793512145571499,0.11541305872069868,0.23082611744139736
773,-0.43197141038536163,0.13527722905132922,0.27055445810265843
774,2.304071162873892,1.0263074846779032,0.0526149693558063
775,0.88258544062242,-0.17190923126637758,-0.34381846253275516
776,2.114280721639152,0.6481848314877512,-0.7036303370244976
777,0.9621605864907019,0.2682212495496152,0.5364424990992304
778,-1.252702630323209,-0.3891156458772888,-0.7782312917545776
779,0.3526947430196032,0.44033827394151737,0.8806765478830347
780,1.6196976147854676,0.9229527355506737,-0.1540945288986526
781,3.0920003930761557,0.9276918172194648,-0.14461636556107033
782,1.521960904348723,0.4956624674538352,0.9913249349076704
783,-1.6202734871849844,-0.6995708040195388,-1.3991416080390775
784,-0.2551270153751207,0.13189292195885338,-1.7362141560822932
785,2.0594527076256686,1.3369619732204474,0.673923946440895
786,1.639313943193599,1.0809507786074262,0.16190155721485214
787,1.5472719734477767,1.278814749834982,0.5576294996699641
788,0.13632967896123693,0.32485646302935656,0.6497129260587131
789,0.1476359046925731,0.2673972504415642,0.5347945008831284
790,1.3430760434773856,0.30320953070430456,0.6064190614086091
791,2.745650385188819,0.5365876028257945,-0.9268247943484109
792,2.9008083241561518,1.4368696028278511,0.8737392056557024
793,1.4443001093933001,0.9837467159670817,-0.03250656806583651
794,1.2544783895181464,0.2810044600636653,0.5620089201273306
795,3.7756071160591462,1.2518183714568094,0.5036367429136186
796,4.878573854116494,1.2531078087560379,0.5062156175120758
797,1.1822211884176652,0.44641144257508736,0.8928228851501747
798,-1.487968802793851,-0.5041198785719199,-1.0082397571438397
799,2.21980720811756,1.033476881468501,0.06695376293700164
800,2.930080332291857,0.8059907982805736,-0.38801840343885263
801,-0.4700833989713338,0.06740870891477962,0.13481741782955925
802,1.9445672001375196,0.9885159790612447,-0.02296804187751071
803,0.31382896103133073,-0.1446067366442767,-0.2892134732885534
804,2.7158425293222956,0.691742714279604,-0.616514571440792
805,2.949215386182731,0.7312876116263285,-0.5374247767473429
806,0.8667342509639757,0.4693115987498092,-1.0613768025003816
807,0.8494543895380614,0.7429456543849352,1.4858913087698704
808,3.4035028564921745,0.9825620975871946,-0.03487580482561087
809,1.884504635585352,0.9490248828229001,-0.10195023435419989
810,-1.2335055873488523,-0.507965540856896,-1.015931081713792
811,1.8643596003594454,0.933264200812852,-0.13347159837429604
812,-0.161729098392107,0.05724676804272318,0.11449353608544637
813,3.203970754944428,0.9680241510088593,-0.06395169798228142
814,0.8328817925499938,1.5039701556077183,1.0079403112154366
815,0.407221576035963,0.3005257973749622,-1.3989484052500756
816,0.6006218832225096,0.34271828967246876,0.6854365793449375
817,2.932615426011905,0.7876345574547086,-0.4247308850905828
818,0.4873503926599405,0.31908304235632157,-1.3618339152873569
819,-0.589418580911185,0.038242836761797634,0.07648567352359527
820,2.74540968731364,1.1305108333822314,0.2610216667644625
821,0.8309780507154131,0.8377004337699441,-0.32459913246011185
822,2.1903255516063975,0.49388640771064185,-1.0122271845787163
823,1.0401544958619433,0.7317428576790661,-0.5365142846418678
824,-0.6446877522833108,-0.31608623795532,-0.63217247591064
825,-0.6555073992311977,0.11791355854928146,0.2358271170985629
826,0.1562445440132204,-0.07004668349508739,-0.14009336699017477
827,0.6952853729586546,0.2718855611103609,0.5437711222207218
828,-1.6355380474377537,-0.05695393546069178,-0.11390787092138356
829,1.3586301485113033,0.32009796797867224,0.6401959359573445
830,2.1770259211112952,1.6123177405742704,1.224635481148541
831,0.4587660081697953,1.0186390857360321,0.037278171472064345
832,-0.17097743679924188,0.07305790155115187,0.14611580310230374
833,-0.08754170419394613,0.21755711595102664,0.4351142319020533
834,-0.14427102093734723,0.2078580000322463,0.4157160000644926
835,-0.7336373528890171,-0.40064899207213106,-0.8012979841442621
836,2.7672524278638617,0.8144847155923398,-0.37103056881532037
837,-0.04406047346461497,-0.004024720882386014,-0.008049441764772028
838,1.8204526728155646,1.2300450661457265,0.4600901322914531
839,-0.2337657539477454,-0.2820971827871498,-0.5641943655742996
840,-0.1767405465502383,-0.054349320235212814,-0.10869864047042563
841,0.8213916696580015,0.05683828419605859,0.11367656839211718
842,2.1487708350726225,0.6556880324266887,-0.6886239351466227
843,-1.086227564187268,-0.1776900971837158,-0.3553801943674316
844,0.30098664152315646,0.09450710484035135,0.1890142096807027
845,0.15816710656188493,-0.2735296632803056,-0.5470593265606112
846,1.2964723547133017,0.5876780863841198,-0.8246438272317604
847,-0.5152962446075571,0.06723406446185881,0.13446812892371762
848,1.0560816525191568,1.2516698615813744,0.5033397231627489
849,1.9720863719737602,1.4760084252897268,0.9520168505794535
850,1.988686902583526,0.8728925944374049,-0.2542148111251902
851,1.5379701886683794,0.8815531754892275,-0.23689364902154503
852,2.815592661465357,0.16348287562586972,0.32696575125173943
853,1.7914970723385408,0.6767609200797622,-0.6464781598404755
854,-0.7822314132917256,-0.22843144702781581,-0.45686289405563163
855,-0.5473232966891375,-0.13598045581540302,-0.27196091163080605
856,-1.057940128467739,-0.3729318513774609,-0.7458637027549218
857,0.5530103842603105,0.9460750564544013,-0.10784988709119753
858,-0.08577450238142548,0.4941482038840974,0.9882964077681948
859,-0.6795140554751452,-0.38342261368160124,-0.7668452273632025
860,-0.741385501146125,-0.3611654937359102,-0.7223309874718205
861,3.24886618349859,1.189583951263737,0.37916790252747395
862,2.3334755473669806,0.7800774521911751,-0.43984509561764984
863,-0.9221648483542315,0.02703746677203982,0.05407493354407964
864,0.10217972451950352,-0.39737217624678955,-0.7947443524935791
865,3.007946215863541,0.5950517319858961,-0.8098965360282078
866,0.8472801804058395,-0.033396309377501016,-0.06679261875500203
867,-1.4570332129790493,0.09726076181029986,0.1945215236205997
868,0.3886614307472753,-0.09305863891621664,-0.1861172778324333
869,2.693782749784,1.2456944956777867,0.4913889913555731
870,-2.1062483682786963,-0.16877418585622278,-0.33754837171244556
871,3.1230223000952972,1.6456253919272712,1.2912507838545424
872,2.8612025244586734,0.8327558686032428,-0.33448826279351435
873,1.5130594991895148,0.23482910321849013,0.46965820643698025
874,1.3635923287789338,1.454603475013041,0.9092069500260819
875,-0.24698597492102176,-0.17445800825687813,-0.34891601651375626
876,2.634781084309984,0.7779470125768413,-0.4441059748463175
877,0.9217398662279457,0.062254937517017966,0.12450987503403593
878,-0.36834022141352707,0.06593570726243717,0.13187141452487433
879,0.4004004062032237,0.4164286811850695,-1.167142637629861
880,0.767025695323385,0.45260528194279187,0.9052105638855837
881,1.2378514209066316,0.07230570687765006,0.14461141375530012
882,-1.7912976576033197,-0.4277313281293785,-0.855462656258757
883,0.2803580684510536,0.8304190212691303,-0.3391619574617396
884,2.5894153011057868,1.2523555176910635,0.5047110353821267
885,1.2377289248521457,0.6407378539573081,-0.7185242920853839
886,2.3678988404458208,1.2637186923648867,0.5274373847297735
887,-0.8088200077852341,-0.21352899356240387,-0.42705798712480775
888,4.135051955753845,1.0681523260063703,0.13630465201274075
889,-0.6545564751012394,0.24128782720827457,-1.5174243455834509
890,1.3787053788858679,1.105189062024715,0.21037812404943
891,3.0065799681592034,1.147607736243026,0.29521547248605207
892,0.015163746050576174,-0.06646967317953117,-0.13293934635906235
893,1.7774762611132329,0.7032327353692366,1.4064654707384732
894,1.7653306842750838,0.7084103659166934,-0.5831792681666131
895,0.38930306823676775,0.7937956737124114,-0.41240865257517706
896,-1.2515949800567916,0.1339303285285635,0.267860657057127
897,0.7414002447363527,0.1063448260798134,0.2126896521596268
898,2.9035530620385974,1.017049594493671,0.034099188987342155
899,0.29311374102366183,0.046762946043370626,0.09352589208674125
900,3.9962929648344883,1.0770313932962072,0.15406278659241435
901,2.4968876461869542,0.9759899152283793,-0.048020169543241426
902,2.4189307917155616,0.7931274024002604,-0.4137451951994794
903,4.1858157752219025,1.8238504492860736,1.6477008985721473
904,-0.36556584080166976,-0.3413770803027275,-0.682754160605455
905,0.12332357277930739,0.40258700550150783,-1.1948259889969843
906,1.79614260034948,1.3009374777151175,0.601874955430235
907,0.7353636874367254,0.5368874902742731,-0.9262250194514537
908,1.001130732656489,1.6093684963079828,1.2187369926159657
909,2.0335055928524888,0.6223448465667005,-0.755310306866599
910,1.1662568259589448,0.07628095591487483,-1.8474380881702503
911,-2.0146069412398786,-0.477532516334993,-0.955065032669986
912,-0.39003084393336884,0.3968410089832113,-1.2063179820335774
913,1.0897156482051866,0.5561578441653156,-0.8876843116693689
914,-0.7978704992897092,0.2214568901923221,0.4429137803846442
915,-0.07907486318003909,0.36896922922491493,-1.2620615415501701
916,2.2964121528471346,1.2154068531979982,0.43081370639599625
917,1.8534889514816104,1.1708864571272863,0.3417729142545728
918,2.4918436117490965,0.6584300508794686,-0.6831398982410628
919,1.764998854318899,0.21802325609837067,0.43604651219674134
920,-1.6725298668078912,-0.33552399899063357,-0.6710479979812671
921,-0.057714972965466904,0.514503720997715,1.02900744199543
922,-0.04279273346633822,0.2521124789718906,0.5042249579437812
923,1.81243369224641,0.11180677153056773,-1.7763864569388645
924,1.3448055602113882,0.9208167909496369,-0.15836641810072627
925,-0.7968774336830426,0.7934144498922664,-0.4131711002154671
926,1.32901591888842,1.5315697845755738,1.0631395691511476
927,0.536836995850568,0.06383317299703807,0.12766634599407614
928,0.8325845839540861,0.5338452941177552,-0.9323094117644896
929,2.325597607945072,0.8521052932469507,-0.2957894135060985
930,0.4124904182471524,0.6297179429413771,-0.7405641141172459
931,3.221490915055397,1.005418997652217,0.010837995304433995
932,-1.188145306475203,-0.22939915342862072,-0.45879830685724143
933,3.410574164140295,0.9678608982080174,-0.06427820358396527
934,-0.050769243929877306,-0.3001112741796683,-0.6002225483593366
935,3.1187548910247713,1.4047316851587106,0.809463370317421
936,-0.17101199419133983,0.25348989299563945,0.5069797859912789
937,1.8850837768251767,0.9892495852367692,-0.021500829526461516
938,-0.46700601791547125,0.12883056358609307,0.25766112717218614
939,5.500079467375341,1.2768651766263635,0.5537303532527269
940,1.0899262595943018,0.676231907413049,-0.6475361851739022
941,0.06717130967949937,0.05490088017674591,0.10980176035349182
942,1.2783041505051072,0.4753502981562777,0.9507005963125554
943,0.8407187051668608,0.9028969862787191,-0.19420602744256182
944,3.7443824441537696,1.1610599781132407,0.32211995622648154
945,1.0196432007588607,0.013598143470783905,0.02719628694156781
946,1.2008599296079019,0.940149762529419,-0.11970047494116202
947,3.2732929023408097,0.7972633122412853,-0.40547337551742924
948,-1.3225390114495652,-0.3327454327920221,-0.6654908655840442
949,2.5589247198272793,1.3515189412042563,0.7030378824085127
950,-0.23739863865765132,-0.253442062622486,-0.506884125244972
951,-0.3088012186666903,-0.005245495832480872,-0.010490991664961744
952,2.873940664495539,0.9526102956344912,-0.0947794087310177
953,3.2236542234078644,1.0128882227460683,0.02577644549213655
954,0.7666723874405695,-0.13599943727025415,-0.2719988745405083
955,-0.4575606177756383,-0.0371860645225096,-0.0743721290450192
956,0.7340994369365097,0.7920423762000285,-0.415915247599943
957,-1.2544370905147408,-0.28683369069954356,-0.5736673813990871
958,2.2036778593197766,0.2278542351664144,0.4557084703328288
959,2.263629651510869,1.1808226657311638,0.3616453314623275
960,0.7175128609788539,-0.3428136544160194,-0.6856273088320388
961,1.011262604314759,0.8301257245458047,-0.3397485509083905
962,3.8150850475838696,0.9841530385290572,-0.03169392294188547
963,-1.0902968806332634,-0.08905483845790105,-0.1781096769158021
964,1.967083800407063,0.526279705469924,-0.947440589060152
965,-1.1135815930528183,-0.7462522455544811,-1.4925044911089622
966,2.471851264068384,1.931689222539752,1.8633784450795037
967,-0.4546733210101992,-0.20844842911642075,-0.4168968582328415
968,2.2206174197891153,1.4277777488595202,0.8555554977190405
969,2.4304589384199824,1.683691257796513,1.367382515593026
970,0.6125650447215599,-0.44302065532088475,-0.8860413106417695
971,0.1291335427497856,0.2822606928512714,0.5645213857025428
972,-0.695046578761923,-0.4136120372921054,-0.8272240745842108
973,-1.1098419683642429,-0.07000750582043011,-0.14001501164086022
974,1.0922317595935558,0.004457162755350616,0.008914325510701232
975,-0.3678608195261191,-0.12736005050372345,-0.2547201010074469
976,0.8499497942301937,-0.2970165288485953,-0.5940330576971906
977,2.766792457268747,0.16796251680529528,-1.6640749663894094
978,1.861382519960239,0.6559533222789351,-0.6880933554421299
979,0.19774312305401676,-0.31032454137607024,-0.6206490827521405
980,-0.07069327217941757,0.4932985126988975,0.986597025397795
981,1.6060490683244721,0.6705713324641951,1.3411426649283902
982,-1.906299992208277,-0.977012678655341,-1.954025357310682
983,3.8864723782999637,1.4054638882567603,0.8109277765135203
984,2.052074542299237,1.1779447591405492,0.3558895182810982
985,0.8168017762991244,0.2113301517491409,0.4226603034982818
986,3.6867797262738886,1.256085899672451,0.5121717993449021
987,-0.3047473620206804,0.12213764244132248,0.24427528488264497
988,1.2110914247933917,0.28478038374280257,-1.4304392325143949
989,-1.0077628770469604,-0.32259244875424986,-0.6451848975084997
990,0.9232247927885949,0.3974579432050933,-1.2050841135898134
991,1.605592095319625,1.6833006647009825,1.366601329401965
992,0.8957879379992115,1.0059839105200181,0.011967821040036198
993,2.418076842417363,0.9066980606564093,-0.1866038786871813
994,1.2215493468470535,1.1619885742496279,0.32397714849925563
995,1.4114887882630716,-0.36755470039945115,-0.7351094007989023
996,1.8160664372785464,0.7045617266765909,-0.5908765466468182
997,3.3168235761316014,1.2059183929025834,0.4118367858051669
998,-1.105216807236078,-0.43276132008382107,-0.8655226401676421
999,1.3677290056285325,0.47762294484729806,-1.0447541103054039
